LineagesOfInterest,BatchSource,StartDate,EndDate,weights
NULL,Hogwarts,2020-08-31 00.00.00.000,2020-09-06 00.00.00.000,2
NULL,Panem,2020-08-31 00.00.00.000,2020-09-06 00.00.00.000,778
NULL,Hogwarts,2020-09-07 00.00.00.000,2020-09-13 00.00.00.000,12
NULL,Middle-Earth,2020-09-07 00.00.00.000,2020-09-13 00.00.00.000,58
NULL,Panem,2020-09-07 00.00.00.000,2020-09-13 00.00.00.000,499
NULL,Hogwarts,2020-09-14 00.00.00.000,2020-09-20 00.00.00.000,13
NULL,Middle-Earth,2020-09-14 00.00.00.000,2020-09-20 00.00.00.000,36
NULL,Pandora,2020-09-14 00.00.00.000,2020-09-20 00.00.00.000,1
NULL,Panem,2020-09-14 00.00.00.000,2020-09-20 00.00.00.000,750
Alpha,Panem,2020-09-14 00.00.00.000,2020-09-20 00.00.00.000,1
NULL,Hogwarts,2020-09-21 00.00.00.000,2020-09-27 00.00.00.000,70
NULL,Pandora,2020-09-21 00.00.00.000,2020-09-27 00.00.00.000,3
NULL,Panem,2020-09-21 00.00.00.000,2020-09-27 00.00.00.000,1331
Alpha,Panem,2020-09-21 00.00.00.000,2020-09-27 00.00.00.000,1
NULL,Hogwarts,2020-09-28 00.00.00.000,2020-10-04 00.00.00.000,3
NULL,Pandora,2020-09-28 00.00.00.000,2020-10-04 00.00.00.000,3
NULL,Panem,2020-09-28 00.00.00.000,2020-10-04 00.00.00.000,674
NULL,Hogwarts,2020-10-05 00.00.00.000,2020-10-11 00.00.00.000,22
NULL,Middle-Earth,2020-10-05 00.00.00.000,2020-10-11 00.00.00.000,40
NULL,Panem,2020-10-05 00.00.00.000,2020-10-11 00.00.00.000,557
NULL,Hogwarts,2020-10-12 00.00.00.000,2020-10-18 00.00.00.000,20
NULL,Middle-Earth,2020-10-12 00.00.00.000,2020-10-18 00.00.00.000,6
NULL,Panem,2020-10-12 00.00.00.000,2020-10-18 00.00.00.000,1232
Gamma,Panem,2020-10-12 00.00.00.000,2020-10-18 00.00.00.000,1
NULL,Hogwarts,2020-10-19 00.00.00.000,2020-10-25 00.00.00.000,233
NULL,Middle-Earth,2020-10-19 00.00.00.000,2020-10-25 00.00.00.000,82
NULL,Narnia,2020-10-19 00.00.00.000,2020-10-25 00.00.00.000,2
NULL,Panem,2020-10-19 00.00.00.000,2020-10-25 00.00.00.000,665
Alpha,Panem,2020-10-19 00.00.00.000,2020-10-25 00.00.00.000,1
NULL,Gilead,2020-10-26 00.00.00.000,2020-11-01 00.00.00.000,3
NULL,Hogwarts,2020-10-26 00.00.00.000,2020-11-01 00.00.00.000,331
NULL,Middle-Earth,2020-10-26 00.00.00.000,2020-11-01 00.00.00.000,42
NULL,Pandora,2020-10-26 00.00.00.000,2020-11-01 00.00.00.000,4
NULL,Panem,2020-10-26 00.00.00.000,2020-11-01 00.00.00.000,1766
Alpha,Panem,2020-10-26 00.00.00.000,2020-11-01 00.00.00.000,2
NULL,Gilead,2020-11-02 00.00.00.000,2020-11-08 00.00.00.000,4
NULL,Hogwarts,2020-11-02 00.00.00.000,2020-11-08 00.00.00.000,540
NULL,Middle-Earth,2020-11-02 00.00.00.000,2020-11-08 00.00.00.000,20
NULL,Pandora,2020-11-02 00.00.00.000,2020-11-08 00.00.00.000,5
NULL,Panem,2020-11-02 00.00.00.000,2020-11-08 00.00.00.000,2855
Alpha,Hogwarts,2020-11-02 00.00.00.000,2020-11-08 00.00.00.000,2
Alpha,Panem,2020-11-02 00.00.00.000,2020-11-08 00.00.00.000,6
Delta,Hogwarts,2020-11-02 00.00.00.000,2020-11-08 00.00.00.000,1
NULL,Hogwarts,2020-11-09 00.00.00.000,2020-11-15 00.00.00.000,982
NULL,Panem,2020-11-09 00.00.00.000,2020-11-15 00.00.00.000,3064
Alpha,Hogwarts,2020-11-09 00.00.00.000,2020-11-15 00.00.00.000,2
Alpha,Panem,2020-11-09 00.00.00.000,2020-11-15 00.00.00.000,25
Gamma,Panem,2020-11-09 00.00.00.000,2020-11-15 00.00.00.000,1
NULL,Gilead,2020-11-16 00.00.00.000,2020-11-22 00.00.00.000,3
NULL,Hogwarts,2020-11-16 00.00.00.000,2020-11-22 00.00.00.000,1209
NULL,Middle-Earth,2020-11-16 00.00.00.000,2020-11-22 00.00.00.000,92
NULL,Pandora,2020-11-16 00.00.00.000,2020-11-22 00.00.00.000,5
NULL,Panem,2020-11-16 00.00.00.000,2020-11-22 00.00.00.000,3430
Alpha,Hogwarts,2020-11-16 00.00.00.000,2020-11-22 00.00.00.000,39
Alpha,Panem,2020-11-16 00.00.00.000,2020-11-22 00.00.00.000,47
NULL,Gilead,2020-11-23 00.00.00.000,2020-11-29 00.00.00.000,7
NULL,Hogwarts,2020-11-23 00.00.00.000,2020-11-29 00.00.00.000,1212
NULL,Middle-Earth,2020-11-23 00.00.00.000,2020-11-29 00.00.00.000,152
NULL,Pandora,2020-11-23 00.00.00.000,2020-11-29 00.00.00.000,29
NULL,Panem,2020-11-23 00.00.00.000,2020-11-29 00.00.00.000,3070
Alpha,Hogwarts,2020-11-23 00.00.00.000,2020-11-29 00.00.00.000,59
Alpha,Panem,2020-11-23 00.00.00.000,2020-11-29 00.00.00.000,47
NULL,Gilead,2020-11-30 00.00.00.000,2020-12-06 00.00.00.000,58
NULL,Hogwarts,2020-11-30 00.00.00.000,2020-12-06 00.00.00.000,1594
NULL,Middle-Earth,2020-11-30 00.00.00.000,2020-12-06 00.00.00.000,186
NULL,Pandora,2020-11-30 00.00.00.000,2020-12-06 00.00.00.000,3
NULL,Panem,2020-11-30 00.00.00.000,2020-12-06 00.00.00.000,3281
Alpha,Gilead,2020-11-30 00.00.00.000,2020-12-06 00.00.00.000,7
Alpha,Hogwarts,2020-11-30 00.00.00.000,2020-12-06 00.00.00.000,45
Alpha,Panem,2020-11-30 00.00.00.000,2020-12-06 00.00.00.000,73
NULL,Gilead,2020-12-07 00.00.00.000,2020-12-13 00.00.00.000,263
NULL,Hogwarts,2020-12-07 00.00.00.000,2020-12-13 00.00.00.000,2188
NULL,Middle-Earth,2020-12-07 00.00.00.000,2020-12-13 00.00.00.000,142
NULL,Panem,2020-12-07 00.00.00.000,2020-12-13 00.00.00.000,4271
Alpha,Gilead,2020-12-07 00.00.00.000,2020-12-13 00.00.00.000,21
Alpha,Hogwarts,2020-12-07 00.00.00.000,2020-12-13 00.00.00.000,43
Alpha,Middle-Earth,2020-12-07 00.00.00.000,2020-12-13 00.00.00.000,2
Alpha,Panem,2020-12-07 00.00.00.000,2020-12-13 00.00.00.000,94
Delta,Hogwarts,2020-12-07 00.00.00.000,2020-12-13 00.00.00.000,1
NULL,Gilead,2020-12-14 00.00.00.000,2020-12-20 00.00.00.000,117
NULL,Hogwarts,2020-12-14 00.00.00.000,2020-12-20 00.00.00.000,3201
NULL,Middle-Earth,2020-12-14 00.00.00.000,2020-12-20 00.00.00.000,182
NULL,Narnia,2020-12-14 00.00.00.000,2020-12-20 00.00.00.000,4
NULL,Pandora,2020-12-14 00.00.00.000,2020-12-20 00.00.00.000,134
NULL,Panem,2020-12-14 00.00.00.000,2020-12-20 00.00.00.000,6006
Alpha,Gilead,2020-12-14 00.00.00.000,2020-12-20 00.00.00.000,3
Alpha,Hogwarts,2020-12-14 00.00.00.000,2020-12-20 00.00.00.000,51
Alpha,Middle-Earth,2020-12-14 00.00.00.000,2020-12-20 00.00.00.000,8
Alpha,Pandora,2020-12-14 00.00.00.000,2020-12-20 00.00.00.000,2
Alpha,Panem,2020-12-14 00.00.00.000,2020-12-20 00.00.00.000,98
Delta,Hogwarts,2020-12-14 00.00.00.000,2020-12-20 00.00.00.000,6
NULL,Gilead,2020-12-21 00.00.00.000,2020-12-27 00.00.00.000,33
NULL,Hogwarts,2020-12-21 00.00.00.000,2020-12-27 00.00.00.000,2184
NULL,Middle-Earth,2020-12-21 00.00.00.000,2020-12-27 00.00.00.000,82
NULL,Narnia,2020-12-21 00.00.00.000,2020-12-27 00.00.00.000,134
NULL,Pandora,2020-12-21 00.00.00.000,2020-12-27 00.00.00.000,61
NULL,Panem,2020-12-21 00.00.00.000,2020-12-27 00.00.00.000,4237
Alpha,Agrabah,2020-12-21 00.00.00.000,2020-12-27 00.00.00.000,1
Alpha,Gilead,2020-12-21 00.00.00.000,2020-12-27 00.00.00.000,1
Alpha,Hogwarts,2020-12-21 00.00.00.000,2020-12-27 00.00.00.000,34
Alpha,Narnia,2020-12-21 00.00.00.000,2020-12-27 00.00.00.000,4
Alpha,Pandora,2020-12-21 00.00.00.000,2020-12-27 00.00.00.000,1
Alpha,Panem,2020-12-21 00.00.00.000,2020-12-27 00.00.00.000,116
Delta,Hogwarts,2020-12-21 00.00.00.000,2020-12-27 00.00.00.000,10
NULL,Gilead,2020-12-28 00.00.00.000,2021-01-03 00.00.00.000,26
NULL,Hogwarts,2020-12-28 00.00.00.000,2021-01-03 00.00.00.000,1949
NULL,Middle-Earth,2020-12-28 00.00.00.000,2021-01-03 00.00.00.000,34
NULL,Narnia,2020-12-28 00.00.00.000,2021-01-03 00.00.00.000,419
NULL,Pandora,2020-12-28 00.00.00.000,2021-01-03 00.00.00.000,38
NULL,Panem,2020-12-28 00.00.00.000,2021-01-03 00.00.00.000,4542
Alpha,Gilead,2020-12-28 00.00.00.000,2021-01-03 00.00.00.000,1
Alpha,Hogwarts,2020-12-28 00.00.00.000,2021-01-03 00.00.00.000,29
Alpha,Narnia,2020-12-28 00.00.00.000,2021-01-03 00.00.00.000,6
Alpha,Pandora,2020-12-28 00.00.00.000,2021-01-03 00.00.00.000,1
Alpha,Panem,2020-12-28 00.00.00.000,2021-01-03 00.00.00.000,101
Delta,Hogwarts,2020-12-28 00.00.00.000,2021-01-03 00.00.00.000,59
Gamma,Hogwarts,2020-12-28 00.00.00.000,2021-01-03 00.00.00.000,2
Gamma,Panem,2020-12-28 00.00.00.000,2021-01-03 00.00.00.000,3
NULL,Agrabah,2021-01-04 00.00.00.000,2021-01-10 00.00.00.000,19
NULL,Gilead,2021-01-04 00.00.00.000,2021-01-10 00.00.00.000,32
NULL,Hogwarts,2021-01-04 00.00.00.000,2021-01-10 00.00.00.000,1594
NULL,Middle-Earth,2021-01-04 00.00.00.000,2021-01-10 00.00.00.000,242
NULL,Narnia,2021-01-04 00.00.00.000,2021-01-10 00.00.00.000,599
NULL,Pandora,2021-01-04 00.00.00.000,2021-01-10 00.00.00.000,25
NULL,Panem,2021-01-04 00.00.00.000,2021-01-10 00.00.00.000,5381
NULL,Wakanda,2021-01-04 00.00.00.000,2021-01-10 00.00.00.000,1
Alpha,Agrabah,2021-01-04 00.00.00.000,2021-01-10 00.00.00.000,1
Alpha,Hogwarts,2021-01-04 00.00.00.000,2021-01-10 00.00.00.000,33
Alpha,Middle-Earth,2021-01-04 00.00.00.000,2021-01-10 00.00.00.000,4
Alpha,Narnia,2021-01-04 00.00.00.000,2021-01-10 00.00.00.000,20
Alpha,Panem,2021-01-04 00.00.00.000,2021-01-10 00.00.00.000,153
BA.1,Hogwarts,2021-01-04 00.00.00.000,2021-01-10 00.00.00.000,1
Delta,Hogwarts,2021-01-04 00.00.00.000,2021-01-10 00.00.00.000,1
Gamma,Panem,2021-01-04 00.00.00.000,2021-01-10 00.00.00.000,1
NULL,Agrabah,2021-01-11 00.00.00.000,2021-01-17 00.00.00.000,19
NULL,Gilead,2021-01-11 00.00.00.000,2021-01-17 00.00.00.000,32
NULL,Hogwarts,2021-01-11 00.00.00.000,2021-01-17 00.00.00.000,1156
NULL,Middle-Earth,2021-01-11 00.00.00.000,2021-01-17 00.00.00.000,252
NULL,Narnia,2021-01-11 00.00.00.000,2021-01-17 00.00.00.000,188
NULL,Pandora,2021-01-11 00.00.00.000,2021-01-17 00.00.00.000,31
NULL,Panem,2021-01-11 00.00.00.000,2021-01-17 00.00.00.000,6093
Alpha,Agrabah,2021-01-11 00.00.00.000,2021-01-17 00.00.00.000,3
Alpha,Gilead,2021-01-11 00.00.00.000,2021-01-17 00.00.00.000,5
Alpha,Hogwarts,2021-01-11 00.00.00.000,2021-01-17 00.00.00.000,35
Alpha,Middle-Earth,2021-01-11 00.00.00.000,2021-01-17 00.00.00.000,14
Alpha,Narnia,2021-01-11 00.00.00.000,2021-01-17 00.00.00.000,4
Alpha,Panem,2021-01-11 00.00.00.000,2021-01-17 00.00.00.000,351
Beta,Panem,2021-01-11 00.00.00.000,2021-01-17 00.00.00.000,2
Eta,Panem,2021-01-11 00.00.00.000,2021-01-17 00.00.00.000,2
Gamma,Panem,2021-01-11 00.00.00.000,2021-01-17 00.00.00.000,3
NULL,Agrabah,2021-01-18 00.00.00.000,2021-01-24 00.00.00.000,20
NULL,Gilead,2021-01-18 00.00.00.000,2021-01-24 00.00.00.000,33
NULL,Hogwarts,2021-01-18 00.00.00.000,2021-01-24 00.00.00.000,638
NULL,Middle-Earth,2021-01-18 00.00.00.000,2021-01-24 00.00.00.000,233
NULL,Narnia,2021-01-18 00.00.00.000,2021-01-24 00.00.00.000,169
NULL,Pandora,2021-01-18 00.00.00.000,2021-01-24 00.00.00.000,53
NULL,Panem,2021-01-18 00.00.00.000,2021-01-24 00.00.00.000,5122
Alpha,Agrabah,2021-01-18 00.00.00.000,2021-01-24 00.00.00.000,5
Alpha,Gilead,2021-01-18 00.00.00.000,2021-01-24 00.00.00.000,15
Alpha,Hogwarts,2021-01-18 00.00.00.000,2021-01-24 00.00.00.000,63
Alpha,Middle-Earth,2021-01-18 00.00.00.000,2021-01-24 00.00.00.000,33
Alpha,Narnia,2021-01-18 00.00.00.000,2021-01-24 00.00.00.000,14
Alpha,Pandora,2021-01-18 00.00.00.000,2021-01-24 00.00.00.000,1
Alpha,Panem,2021-01-18 00.00.00.000,2021-01-24 00.00.00.000,505
Alpha,Wakanda,2021-01-18 00.00.00.000,2021-01-24 00.00.00.000,1
Beta,Panem,2021-01-18 00.00.00.000,2021-01-24 00.00.00.000,5
Eta,Hogwarts,2021-01-18 00.00.00.000,2021-01-24 00.00.00.000,1
Eta,Panem,2021-01-18 00.00.00.000,2021-01-24 00.00.00.000,4
Gamma,Panem,2021-01-18 00.00.00.000,2021-01-24 00.00.00.000,3
NULL,Agrabah,2021-01-25 00.00.00.000,2021-01-31 00.00.00.000,21
NULL,Gilead,2021-01-25 00.00.00.000,2021-01-31 00.00.00.000,36
NULL,Hogwarts,2021-01-25 00.00.00.000,2021-01-31 00.00.00.000,43
NULL,Middle-Earth,2021-01-25 00.00.00.000,2021-01-31 00.00.00.000,253
NULL,Narnia,2021-01-25 00.00.00.000,2021-01-31 00.00.00.000,120
NULL,Pandora,2021-01-25 00.00.00.000,2021-01-31 00.00.00.000,101
NULL,Panem,2021-01-25 00.00.00.000,2021-01-31 00.00.00.000,3302
NULL,Wakanda,2021-01-25 00.00.00.000,2021-01-31 00.00.00.000,1
Alpha,Agrabah,2021-01-25 00.00.00.000,2021-01-31 00.00.00.000,15
Alpha,Gilead,2021-01-25 00.00.00.000,2021-01-31 00.00.00.000,7
Alpha,Hogwarts,2021-01-25 00.00.00.000,2021-01-31 00.00.00.000,4
Alpha,Middle-Earth,2021-01-25 00.00.00.000,2021-01-31 00.00.00.000,57
Alpha,Narnia,2021-01-25 00.00.00.000,2021-01-31 00.00.00.000,9
Alpha,Pandora,2021-01-25 00.00.00.000,2021-01-31 00.00.00.000,6
Alpha,Panem,2021-01-25 00.00.00.000,2021-01-31 00.00.00.000,534
Alpha,Wakanda,2021-01-25 00.00.00.000,2021-01-31 00.00.00.000,2
Beta,Panem,2021-01-25 00.00.00.000,2021-01-31 00.00.00.000,1
Eta,Gilead,2021-01-25 00.00.00.000,2021-01-31 00.00.00.000,1
Eta,Hogwarts,2021-01-25 00.00.00.000,2021-01-31 00.00.00.000,1
Eta,Panem,2021-01-25 00.00.00.000,2021-01-31 00.00.00.000,15
Gamma,Panem,2021-01-25 00.00.00.000,2021-01-31 00.00.00.000,7
NULL,Agrabah,2021-02-01 00.00.00.000,2021-02-07 00.00.00.000,22
NULL,Gilead,2021-02-01 00.00.00.000,2021-02-07 00.00.00.000,41
NULL,Hogwarts,2021-02-01 00.00.00.000,2021-02-07 00.00.00.000,82
NULL,Middle-Earth,2021-02-01 00.00.00.000,2021-02-07 00.00.00.000,330
NULL,Narnia,2021-02-01 00.00.00.000,2021-02-07 00.00.00.000,68
NULL,Pandora,2021-02-01 00.00.00.000,2021-02-07 00.00.00.000,51
NULL,Panem,2021-02-01 00.00.00.000,2021-02-07 00.00.00.000,2446
Alpha,Agrabah,2021-02-01 00.00.00.000,2021-02-07 00.00.00.000,6
Alpha,Gilead,2021-02-01 00.00.00.000,2021-02-07 00.00.00.000,11
Alpha,Hogwarts,2021-02-01 00.00.00.000,2021-02-07 00.00.00.000,3
Alpha,Middle-Earth,2021-02-01 00.00.00.000,2021-02-07 00.00.00.000,66
Alpha,Narnia,2021-02-01 00.00.00.000,2021-02-07 00.00.00.000,8
Alpha,Pandora,2021-02-01 00.00.00.000,2021-02-07 00.00.00.000,7
Alpha,Panem,2021-02-01 00.00.00.000,2021-02-07 00.00.00.000,673
Beta,Narnia,2021-02-01 00.00.00.000,2021-02-07 00.00.00.000,1
Beta,Panem,2021-02-01 00.00.00.000,2021-02-07 00.00.00.000,5
Eta,Gilead,2021-02-01 00.00.00.000,2021-02-07 00.00.00.000,1
Eta,Panem,2021-02-01 00.00.00.000,2021-02-07 00.00.00.000,37
Gamma,Panem,2021-02-01 00.00.00.000,2021-02-07 00.00.00.000,2
NULL,Agrabah,2021-02-08 00.00.00.000,2021-02-14 00.00.00.000,16
NULL,Gilead,2021-02-08 00.00.00.000,2021-02-14 00.00.00.000,42
NULL,Hogwarts,2021-02-08 00.00.00.000,2021-02-14 00.00.00.000,13
NULL,Middle-Earth,2021-02-08 00.00.00.000,2021-02-14 00.00.00.000,238
NULL,Narnia,2021-02-08 00.00.00.000,2021-02-14 00.00.00.000,46
NULL,Pandora,2021-02-08 00.00.00.000,2021-02-14 00.00.00.000,36
NULL,Panem,2021-02-08 00.00.00.000,2021-02-14 00.00.00.000,1812
Alpha,Agrabah,2021-02-08 00.00.00.000,2021-02-14 00.00.00.000,16
Alpha,Gilead,2021-02-08 00.00.00.000,2021-02-14 00.00.00.000,6
Alpha,Middle-Earth,2021-02-08 00.00.00.000,2021-02-14 00.00.00.000,20
Alpha,Narnia,2021-02-08 00.00.00.000,2021-02-14 00.00.00.000,17
Alpha,Pandora,2021-02-08 00.00.00.000,2021-02-14 00.00.00.000,3
Alpha,Panem,2021-02-08 00.00.00.000,2021-02-14 00.00.00.000,987
Beta,Middle-Earth,2021-02-08 00.00.00.000,2021-02-14 00.00.00.000,2
Beta,Panem,2021-02-08 00.00.00.000,2021-02-14 00.00.00.000,3
Eta,Pandora,2021-02-08 00.00.00.000,2021-02-14 00.00.00.000,1
Eta,Panem,2021-02-08 00.00.00.000,2021-02-14 00.00.00.000,11
Gamma,Panem,2021-02-08 00.00.00.000,2021-02-14 00.00.00.000,2
NULL,Agrabah,2021-02-15 00.00.00.000,2021-02-21 00.00.00.000,28
NULL,Gilead,2021-02-15 00.00.00.000,2021-02-21 00.00.00.000,8
NULL,Hogwarts,2021-02-15 00.00.00.000,2021-02-21 00.00.00.000,21
NULL,Middle-Earth,2021-02-15 00.00.00.000,2021-02-21 00.00.00.000,23
NULL,Narnia,2021-02-15 00.00.00.000,2021-02-21 00.00.00.000,39
NULL,Pandora,2021-02-15 00.00.00.000,2021-02-21 00.00.00.000,37
NULL,Panem,2021-02-15 00.00.00.000,2021-02-21 00.00.00.000,1806
Alpha,Agrabah,2021-02-15 00.00.00.000,2021-02-21 00.00.00.000,43
Alpha,Gilead,2021-02-15 00.00.00.000,2021-02-21 00.00.00.000,9
Alpha,Hogwarts,2021-02-15 00.00.00.000,2021-02-21 00.00.00.000,6
Alpha,Middle-Earth,2021-02-15 00.00.00.000,2021-02-21 00.00.00.000,7
Alpha,Narnia,2021-02-15 00.00.00.000,2021-02-21 00.00.00.000,13
Alpha,Pandora,2021-02-15 00.00.00.000,2021-02-21 00.00.00.000,3
Alpha,Panem,2021-02-15 00.00.00.000,2021-02-21 00.00.00.000,1581
BA.2,Hogwarts,2021-02-15 00.00.00.000,2021-02-21 00.00.00.000,1
Beta,Narnia,2021-02-15 00.00.00.000,2021-02-21 00.00.00.000,1
Beta,Panem,2021-02-15 00.00.00.000,2021-02-21 00.00.00.000,6
Eta,Gilead,2021-02-15 00.00.00.000,2021-02-21 00.00.00.000,3
Eta,Pandora,2021-02-15 00.00.00.000,2021-02-21 00.00.00.000,2
Eta,Panem,2021-02-15 00.00.00.000,2021-02-21 00.00.00.000,53
NULL,Agrabah,2021-02-22 00.00.00.000,2021-02-28 00.00.00.000,17
NULL,Gilead,2021-02-22 00.00.00.000,2021-02-28 00.00.00.000,16
NULL,Hogwarts,2021-02-22 00.00.00.000,2021-02-28 00.00.00.000,132
NULL,Narnia,2021-02-22 00.00.00.000,2021-02-28 00.00.00.000,45
NULL,Pandora,2021-02-22 00.00.00.000,2021-02-28 00.00.00.000,40
NULL,Panem,2021-02-22 00.00.00.000,2021-02-28 00.00.00.000,1710
Alpha,Agrabah,2021-02-22 00.00.00.000,2021-02-28 00.00.00.000,48
Alpha,Gilead,2021-02-22 00.00.00.000,2021-02-28 00.00.00.000,19
Alpha,Hogwarts,2021-02-22 00.00.00.000,2021-02-28 00.00.00.000,304
Alpha,Narnia,2021-02-22 00.00.00.000,2021-02-28 00.00.00.000,18
Alpha,Pandora,2021-02-22 00.00.00.000,2021-02-28 00.00.00.000,5
Alpha,Panem,2021-02-22 00.00.00.000,2021-02-28 00.00.00.000,2331
BA.2,Hogwarts,2021-02-22 00.00.00.000,2021-02-28 00.00.00.000,3
Beta,Narnia,2021-02-22 00.00.00.000,2021-02-28 00.00.00.000,2
Beta,Panem,2021-02-22 00.00.00.000,2021-02-28 00.00.00.000,3
Eta,Gilead,2021-02-22 00.00.00.000,2021-02-28 00.00.00.000,3
Eta,Hogwarts,2021-02-22 00.00.00.000,2021-02-28 00.00.00.000,9
Eta,Pandora,2021-02-22 00.00.00.000,2021-02-28 00.00.00.000,2
Eta,Panem,2021-02-22 00.00.00.000,2021-02-28 00.00.00.000,67
Gamma,Pandora,2021-02-22 00.00.00.000,2021-02-28 00.00.00.000,1
Gamma,Panem,2021-02-22 00.00.00.000,2021-02-28 00.00.00.000,2
NULL,Agrabah,2021-03-01 00.00.00.000,2021-03-07 00.00.00.000,22
NULL,Gilead,2021-03-01 00.00.00.000,2021-03-07 00.00.00.000,15
NULL,Hogwarts,2021-03-01 00.00.00.000,2021-03-07 00.00.00.000,170
NULL,Narnia,2021-03-01 00.00.00.000,2021-03-07 00.00.00.000,38
NULL,Pandora,2021-03-01 00.00.00.000,2021-03-07 00.00.00.000,61
NULL,Panem,2021-03-01 00.00.00.000,2021-03-07 00.00.00.000,1369
Alpha,Agrabah,2021-03-01 00.00.00.000,2021-03-07 00.00.00.000,39
Alpha,Gilead,2021-03-01 00.00.00.000,2021-03-07 00.00.00.000,41
Alpha,Hogwarts,2021-03-01 00.00.00.000,2021-03-07 00.00.00.000,717
Alpha,Narnia,2021-03-01 00.00.00.000,2021-03-07 00.00.00.000,19
Alpha,Pandora,2021-03-01 00.00.00.000,2021-03-07 00.00.00.000,26
Alpha,Panem,2021-03-01 00.00.00.000,2021-03-07 00.00.00.000,2504
Beta,Gilead,2021-03-01 00.00.00.000,2021-03-07 00.00.00.000,2
Beta,Hogwarts,2021-03-01 00.00.00.000,2021-03-07 00.00.00.000,2
Beta,Narnia,2021-03-01 00.00.00.000,2021-03-07 00.00.00.000,1
Beta,Panem,2021-03-01 00.00.00.000,2021-03-07 00.00.00.000,13
Eta,Gilead,2021-03-01 00.00.00.000,2021-03-07 00.00.00.000,1
Eta,Hogwarts,2021-03-01 00.00.00.000,2021-03-07 00.00.00.000,19
Eta,Narnia,2021-03-01 00.00.00.000,2021-03-07 00.00.00.000,2
Eta,Panem,2021-03-01 00.00.00.000,2021-03-07 00.00.00.000,56
Gamma,Pandora,2021-03-01 00.00.00.000,2021-03-07 00.00.00.000,4
Gamma,Panem,2021-03-01 00.00.00.000,2021-03-07 00.00.00.000,2
NULL,Agrabah,2021-03-08 00.00.00.000,2021-03-14 00.00.00.000,31
NULL,Gilead,2021-03-08 00.00.00.000,2021-03-14 00.00.00.000,21
NULL,Hogwarts,2021-03-08 00.00.00.000,2021-03-14 00.00.00.000,412
NULL,Narnia,2021-03-08 00.00.00.000,2021-03-14 00.00.00.000,13
NULL,Pandora,2021-03-08 00.00.00.000,2021-03-14 00.00.00.000,42
NULL,Panem,2021-03-08 00.00.00.000,2021-03-14 00.00.00.000,1056
Alpha,Agrabah,2021-03-08 00.00.00.000,2021-03-14 00.00.00.000,47
Alpha,Gilead,2021-03-08 00.00.00.000,2021-03-14 00.00.00.000,30
Alpha,Hogwarts,2021-03-08 00.00.00.000,2021-03-14 00.00.00.000,417
Alpha,Narnia,2021-03-08 00.00.00.000,2021-03-14 00.00.00.000,22
Alpha,Pandora,2021-03-08 00.00.00.000,2021-03-14 00.00.00.000,37
Alpha,Panem,2021-03-08 00.00.00.000,2021-03-14 00.00.00.000,2978
Beta,Gilead,2021-03-08 00.00.00.000,2021-03-14 00.00.00.000,1
Beta,Narnia,2021-03-08 00.00.00.000,2021-03-14 00.00.00.000,1
Beta,Panem,2021-03-08 00.00.00.000,2021-03-14 00.00.00.000,10
Eta,Gilead,2021-03-08 00.00.00.000,2021-03-14 00.00.00.000,4
Eta,Hogwarts,2021-03-08 00.00.00.000,2021-03-14 00.00.00.000,3
Eta,Narnia,2021-03-08 00.00.00.000,2021-03-14 00.00.00.000,1
Eta,Pandora,2021-03-08 00.00.00.000,2021-03-14 00.00.00.000,1
Eta,Panem,2021-03-08 00.00.00.000,2021-03-14 00.00.00.000,56
Gamma,Panem,2021-03-08 00.00.00.000,2021-03-14 00.00.00.000,1
NULL,Agrabah,2021-03-15 00.00.00.000,2021-03-21 00.00.00.000,16
NULL,Gilead,2021-03-15 00.00.00.000,2021-03-21 00.00.00.000,12
NULL,Hogwarts,2021-03-15 00.00.00.000,2021-03-21 00.00.00.000,184
NULL,Narnia,2021-03-15 00.00.00.000,2021-03-21 00.00.00.000,16
NULL,Pandora,2021-03-15 00.00.00.000,2021-03-21 00.00.00.000,59
NULL,Panem,2021-03-15 00.00.00.000,2021-03-21 00.00.00.000,1314
Alpha,Agrabah,2021-03-15 00.00.00.000,2021-03-21 00.00.00.000,45
Alpha,Gilead,2021-03-15 00.00.00.000,2021-03-21 00.00.00.000,29
Alpha,Hogwarts,2021-03-15 00.00.00.000,2021-03-21 00.00.00.000,566
Alpha,Narnia,2021-03-15 00.00.00.000,2021-03-21 00.00.00.000,29
Alpha,Pandora,2021-03-15 00.00.00.000,2021-03-21 00.00.00.000,62
Alpha,Panem,2021-03-15 00.00.00.000,2021-03-21 00.00.00.000,3263
Beta,Hogwarts,2021-03-15 00.00.00.000,2021-03-21 00.00.00.000,2
Beta,Panem,2021-03-15 00.00.00.000,2021-03-21 00.00.00.000,8
Eta,Agrabah,2021-03-15 00.00.00.000,2021-03-21 00.00.00.000,1
Eta,Gilead,2021-03-15 00.00.00.000,2021-03-21 00.00.00.000,7
Eta,Hogwarts,2021-03-15 00.00.00.000,2021-03-21 00.00.00.000,44
Eta,Narnia,2021-03-15 00.00.00.000,2021-03-21 00.00.00.000,1
Eta,Panem,2021-03-15 00.00.00.000,2021-03-21 00.00.00.000,139
Gamma,Panem,2021-03-15 00.00.00.000,2021-03-21 00.00.00.000,3
NULL,Agrabah,2021-03-22 00.00.00.000,2021-03-28 00.00.00.000,16
NULL,Gilead,2021-03-22 00.00.00.000,2021-03-28 00.00.00.000,20
NULL,Hogwarts,2021-03-22 00.00.00.000,2021-03-28 00.00.00.000,49
NULL,Narnia,2021-03-22 00.00.00.000,2021-03-28 00.00.00.000,16
NULL,Pandora,2021-03-22 00.00.00.000,2021-03-28 00.00.00.000,35
NULL,Panem,2021-03-22 00.00.00.000,2021-03-28 00.00.00.000,1379
NULL,Wakanda,2021-03-22 00.00.00.000,2021-03-28 00.00.00.000,5
Alpha,Agrabah,2021-03-22 00.00.00.000,2021-03-28 00.00.00.000,48
Alpha,Gilead,2021-03-22 00.00.00.000,2021-03-28 00.00.00.000,45
Alpha,Hogwarts,2021-03-22 00.00.00.000,2021-03-28 00.00.00.000,97
Alpha,Narnia,2021-03-22 00.00.00.000,2021-03-28 00.00.00.000,33
Alpha,Pandora,2021-03-22 00.00.00.000,2021-03-28 00.00.00.000,42
Alpha,Panem,2021-03-22 00.00.00.000,2021-03-28 00.00.00.000,4185
Alpha,Wakanda,2021-03-22 00.00.00.000,2021-03-28 00.00.00.000,15
Beta,Panem,2021-03-22 00.00.00.000,2021-03-28 00.00.00.000,10
Eta,Gilead,2021-03-22 00.00.00.000,2021-03-28 00.00.00.000,7
Eta,Hogwarts,2021-03-22 00.00.00.000,2021-03-28 00.00.00.000,7
Eta,Panem,2021-03-22 00.00.00.000,2021-03-28 00.00.00.000,93
Gamma,Panem,2021-03-22 00.00.00.000,2021-03-28 00.00.00.000,7
NULL,Agrabah,2021-03-29 00.00.00.000,2021-04-04 00.00.00.000,17
NULL,Gilead,2021-03-29 00.00.00.000,2021-04-04 00.00.00.000,19
NULL,Hogwarts,2021-03-29 00.00.00.000,2021-04-04 00.00.00.000,36
NULL,Narnia,2021-03-29 00.00.00.000,2021-04-04 00.00.00.000,18
NULL,Pandora,2021-03-29 00.00.00.000,2021-04-04 00.00.00.000,20
NULL,Panem,2021-03-29 00.00.00.000,2021-04-04 00.00.00.000,979
NULL,Wakanda,2021-03-29 00.00.00.000,2021-04-04 00.00.00.000,2
Alpha,Agrabah,2021-03-29 00.00.00.000,2021-04-04 00.00.00.000,39
Alpha,Gilead,2021-03-29 00.00.00.000,2021-04-04 00.00.00.000,31
Alpha,Hogwarts,2021-03-29 00.00.00.000,2021-04-04 00.00.00.000,57
Alpha,Narnia,2021-03-29 00.00.00.000,2021-04-04 00.00.00.000,68
Alpha,Pandora,2021-03-29 00.00.00.000,2021-04-04 00.00.00.000,24
Alpha,Panem,2021-03-29 00.00.00.000,2021-04-04 00.00.00.000,3705
Alpha,Wakanda,2021-03-29 00.00.00.000,2021-04-04 00.00.00.000,1
Beta,Hogwarts,2021-03-29 00.00.00.000,2021-04-04 00.00.00.000,1
Beta,Narnia,2021-03-29 00.00.00.000,2021-04-04 00.00.00.000,3
Beta,Panem,2021-03-29 00.00.00.000,2021-04-04 00.00.00.000,14
Delta,Panem,2021-03-29 00.00.00.000,2021-04-04 00.00.00.000,5
Eta,Gilead,2021-03-29 00.00.00.000,2021-04-04 00.00.00.000,8
Eta,Panem,2021-03-29 00.00.00.000,2021-04-04 00.00.00.000,76
NULL,Agrabah,2021-04-05 00.00.00.000,2021-04-11 00.00.00.000,14
NULL,Gilead,2021-04-05 00.00.00.000,2021-04-11 00.00.00.000,20
NULL,Hogwarts,2021-04-05 00.00.00.000,2021-04-11 00.00.00.000,447
NULL,Narnia,2021-04-05 00.00.00.000,2021-04-11 00.00.00.000,18
NULL,Pandora,2021-04-05 00.00.00.000,2021-04-11 00.00.00.000,18
NULL,Panem,2021-04-05 00.00.00.000,2021-04-11 00.00.00.000,697
NULL,Wakanda,2021-04-05 00.00.00.000,2021-04-11 00.00.00.000,12
Alpha,Agrabah,2021-04-05 00.00.00.000,2021-04-11 00.00.00.000,42
Alpha,Gilead,2021-04-05 00.00.00.000,2021-04-11 00.00.00.000,25
Alpha,Hogwarts,2021-04-05 00.00.00.000,2021-04-11 00.00.00.000,1287
Alpha,Narnia,2021-04-05 00.00.00.000,2021-04-11 00.00.00.000,68
Alpha,Pandora,2021-04-05 00.00.00.000,2021-04-11 00.00.00.000,33
Alpha,Panem,2021-04-05 00.00.00.000,2021-04-11 00.00.00.000,2803
Alpha,Wakanda,2021-04-05 00.00.00.000,2021-04-11 00.00.00.000,16
Beta,Hogwarts,2021-04-05 00.00.00.000,2021-04-11 00.00.00.000,15
Beta,Narnia,2021-04-05 00.00.00.000,2021-04-11 00.00.00.000,1
Beta,Panem,2021-04-05 00.00.00.000,2021-04-11 00.00.00.000,10
Delta,Panem,2021-04-05 00.00.00.000,2021-04-11 00.00.00.000,2
Eta,Gilead,2021-04-05 00.00.00.000,2021-04-11 00.00.00.000,3
Eta,Hogwarts,2021-04-05 00.00.00.000,2021-04-11 00.00.00.000,11
Eta,Panem,2021-04-05 00.00.00.000,2021-04-11 00.00.00.000,28
NULL,Agrabah,2021-04-12 00.00.00.000,2021-04-18 00.00.00.000,19
NULL,Gilead,2021-04-12 00.00.00.000,2021-04-18 00.00.00.000,8
NULL,Hogwarts,2021-04-12 00.00.00.000,2021-04-18 00.00.00.000,408
NULL,Narnia,2021-04-12 00.00.00.000,2021-04-18 00.00.00.000,3
NULL,Pandora,2021-04-12 00.00.00.000,2021-04-18 00.00.00.000,14
NULL,Panem,2021-04-12 00.00.00.000,2021-04-18 00.00.00.000,1550
NULL,Wakanda,2021-04-12 00.00.00.000,2021-04-18 00.00.00.000,20
Alpha,Agrabah,2021-04-12 00.00.00.000,2021-04-18 00.00.00.000,35
Alpha,Gilead,2021-04-12 00.00.00.000,2021-04-18 00.00.00.000,22
Alpha,Hogwarts,2021-04-12 00.00.00.000,2021-04-18 00.00.00.000,1396
Alpha,Narnia,2021-04-12 00.00.00.000,2021-04-18 00.00.00.000,37
Alpha,Pandora,2021-04-12 00.00.00.000,2021-04-18 00.00.00.000,37
Alpha,Panem,2021-04-12 00.00.00.000,2021-04-18 00.00.00.000,3399
Alpha,Wakanda,2021-04-12 00.00.00.000,2021-04-18 00.00.00.000,22
Beta,Hogwarts,2021-04-12 00.00.00.000,2021-04-18 00.00.00.000,3
Beta,Panem,2021-04-12 00.00.00.000,2021-04-18 00.00.00.000,7
Delta,Agrabah,2021-04-12 00.00.00.000,2021-04-18 00.00.00.000,1
Delta,Hogwarts,2021-04-12 00.00.00.000,2021-04-18 00.00.00.000,2
Delta,Panem,2021-04-12 00.00.00.000,2021-04-18 00.00.00.000,5
Eta,Agrabah,2021-04-12 00.00.00.000,2021-04-18 00.00.00.000,1
Eta,Hogwarts,2021-04-12 00.00.00.000,2021-04-18 00.00.00.000,2
Eta,Pandora,2021-04-12 00.00.00.000,2021-04-18 00.00.00.000,1
Eta,Panem,2021-04-12 00.00.00.000,2021-04-18 00.00.00.000,9
Eta,Wakanda,2021-04-12 00.00.00.000,2021-04-18 00.00.00.000,1
NULL,Agrabah,2021-04-19 00.00.00.000,2021-04-25 00.00.00.000,8
NULL,Gilead,2021-04-19 00.00.00.000,2021-04-25 00.00.00.000,8
NULL,Hogwarts,2021-04-19 00.00.00.000,2021-04-25 00.00.00.000,559
NULL,Narnia,2021-04-19 00.00.00.000,2021-04-25 00.00.00.000,20
NULL,Pandora,2021-04-19 00.00.00.000,2021-04-25 00.00.00.000,24
NULL,Panem,2021-04-19 00.00.00.000,2021-04-25 00.00.00.000,1287
NULL,Wakanda,2021-04-19 00.00.00.000,2021-04-25 00.00.00.000,13
Alpha,Agrabah,2021-04-19 00.00.00.000,2021-04-25 00.00.00.000,53
Alpha,Gilead,2021-04-19 00.00.00.000,2021-04-25 00.00.00.000,16
Alpha,Hogwarts,2021-04-19 00.00.00.000,2021-04-25 00.00.00.000,1366
Alpha,Narnia,2021-04-19 00.00.00.000,2021-04-25 00.00.00.000,54
Alpha,Pandora,2021-04-19 00.00.00.000,2021-04-25 00.00.00.000,33
Alpha,Panem,2021-04-19 00.00.00.000,2021-04-25 00.00.00.000,3319
Alpha,Wakanda,2021-04-19 00.00.00.000,2021-04-25 00.00.00.000,19
Beta,Hogwarts,2021-04-19 00.00.00.000,2021-04-25 00.00.00.000,4
Beta,Narnia,2021-04-19 00.00.00.000,2021-04-25 00.00.00.000,2
Beta,Panem,2021-04-19 00.00.00.000,2021-04-25 00.00.00.000,14
Delta,Agrabah,2021-04-19 00.00.00.000,2021-04-25 00.00.00.000,3
Delta,Hogwarts,2021-04-19 00.00.00.000,2021-04-25 00.00.00.000,6
Delta,Narnia,2021-04-19 00.00.00.000,2021-04-25 00.00.00.000,1
Delta,Panem,2021-04-19 00.00.00.000,2021-04-25 00.00.00.000,8
Eta,Hogwarts,2021-04-19 00.00.00.000,2021-04-25 00.00.00.000,4
Eta,Panem,2021-04-19 00.00.00.000,2021-04-25 00.00.00.000,18
Gamma,Hogwarts,2021-04-19 00.00.00.000,2021-04-25 00.00.00.000,1
Gamma,Panem,2021-04-19 00.00.00.000,2021-04-25 00.00.00.000,4
NULL,Agrabah,2021-04-26 00.00.00.000,2021-05-02 00.00.00.000,9
NULL,Gilead,2021-04-26 00.00.00.000,2021-05-02 00.00.00.000,9
NULL,Hogwarts,2021-04-26 00.00.00.000,2021-05-02 00.00.00.000,189
NULL,Narnia,2021-04-26 00.00.00.000,2021-05-02 00.00.00.000,13
NULL,Pandora,2021-04-26 00.00.00.000,2021-05-02 00.00.00.000,19
NULL,Panem,2021-04-26 00.00.00.000,2021-05-02 00.00.00.000,1323
NULL,Wakanda,2021-04-26 00.00.00.000,2021-05-02 00.00.00.000,8
Alpha,Agrabah,2021-04-26 00.00.00.000,2021-05-02 00.00.00.000,36
Alpha,Gilead,2021-04-26 00.00.00.000,2021-05-02 00.00.00.000,23
Alpha,Hogwarts,2021-04-26 00.00.00.000,2021-05-02 00.00.00.000,992
Alpha,Narnia,2021-04-26 00.00.00.000,2021-05-02 00.00.00.000,72
Alpha,Pandora,2021-04-26 00.00.00.000,2021-05-02 00.00.00.000,36
Alpha,Panem,2021-04-26 00.00.00.000,2021-05-02 00.00.00.000,3832
Alpha,Wakanda,2021-04-26 00.00.00.000,2021-05-02 00.00.00.000,25
Beta,Panem,2021-04-26 00.00.00.000,2021-05-02 00.00.00.000,1
Delta,Hogwarts,2021-04-26 00.00.00.000,2021-05-02 00.00.00.000,3
Delta,Pandora,2021-04-26 00.00.00.000,2021-05-02 00.00.00.000,1
Delta,Panem,2021-04-26 00.00.00.000,2021-05-02 00.00.00.000,20
Eta,Hogwarts,2021-04-26 00.00.00.000,2021-05-02 00.00.00.000,1
Eta,Panem,2021-04-26 00.00.00.000,2021-05-02 00.00.00.000,3
Gamma,Hogwarts,2021-04-26 00.00.00.000,2021-05-02 00.00.00.000,1
Gamma,Panem,2021-04-26 00.00.00.000,2021-05-02 00.00.00.000,5
NULL,Agrabah,2021-05-03 00.00.00.000,2021-05-09 00.00.00.000,12
NULL,Gilead,2021-05-03 00.00.00.000,2021-05-09 00.00.00.000,11
NULL,Hogwarts,2021-05-03 00.00.00.000,2021-05-09 00.00.00.000,130
NULL,Narnia,2021-05-03 00.00.00.000,2021-05-09 00.00.00.000,9
NULL,Pandora,2021-05-03 00.00.00.000,2021-05-09 00.00.00.000,31
NULL,Panem,2021-05-03 00.00.00.000,2021-05-09 00.00.00.000,1250
NULL,Wakanda,2021-05-03 00.00.00.000,2021-05-09 00.00.00.000,8
Alpha,Agrabah,2021-05-03 00.00.00.000,2021-05-09 00.00.00.000,30
Alpha,Gilead,2021-05-03 00.00.00.000,2021-05-09 00.00.00.000,42
Alpha,Hogwarts,2021-05-03 00.00.00.000,2021-05-09 00.00.00.000,1596
Alpha,Narnia,2021-05-03 00.00.00.000,2021-05-09 00.00.00.000,62
Alpha,Pandora,2021-05-03 00.00.00.000,2021-05-09 00.00.00.000,42
Alpha,Panem,2021-05-03 00.00.00.000,2021-05-09 00.00.00.000,4373
Alpha,Wakanda,2021-05-03 00.00.00.000,2021-05-09 00.00.00.000,25
Beta,Hogwarts,2021-05-03 00.00.00.000,2021-05-09 00.00.00.000,2
Beta,Narnia,2021-05-03 00.00.00.000,2021-05-09 00.00.00.000,1
Beta,Panem,2021-05-03 00.00.00.000,2021-05-09 00.00.00.000,2
Delta,Gilead,2021-05-03 00.00.00.000,2021-05-09 00.00.00.000,3
Delta,Hogwarts,2021-05-03 00.00.00.000,2021-05-09 00.00.00.000,3
Delta,Panem,2021-05-03 00.00.00.000,2021-05-09 00.00.00.000,15
Eta,Panem,2021-05-03 00.00.00.000,2021-05-09 00.00.00.000,2
Gamma,Panem,2021-05-03 00.00.00.000,2021-05-09 00.00.00.000,1
NULL,Agrabah,2021-05-10 00.00.00.000,2021-05-16 00.00.00.000,12
NULL,Gilead,2021-05-10 00.00.00.000,2021-05-16 00.00.00.000,7
NULL,Hogwarts,2021-05-10 00.00.00.000,2021-05-16 00.00.00.000,156
NULL,Narnia,2021-05-10 00.00.00.000,2021-05-16 00.00.00.000,17
NULL,Pandora,2021-05-10 00.00.00.000,2021-05-16 00.00.00.000,20
NULL,Panem,2021-05-10 00.00.00.000,2021-05-16 00.00.00.000,1106
NULL,Wakanda,2021-05-10 00.00.00.000,2021-05-16 00.00.00.000,6
Alpha,Agrabah,2021-05-10 00.00.00.000,2021-05-16 00.00.00.000,38
Alpha,Gilead,2021-05-10 00.00.00.000,2021-05-16 00.00.00.000,15
Alpha,Hogwarts,2021-05-10 00.00.00.000,2021-05-16 00.00.00.000,1149
Alpha,Narnia,2021-05-10 00.00.00.000,2021-05-16 00.00.00.000,86
Alpha,Pandora,2021-05-10 00.00.00.000,2021-05-16 00.00.00.000,62
Alpha,Panem,2021-05-10 00.00.00.000,2021-05-16 00.00.00.000,5102
Alpha,Wakanda,2021-05-10 00.00.00.000,2021-05-16 00.00.00.000,36
Beta,Hogwarts,2021-05-10 00.00.00.000,2021-05-16 00.00.00.000,2
Beta,Panem,2021-05-10 00.00.00.000,2021-05-16 00.00.00.000,2
Delta,Gilead,2021-05-10 00.00.00.000,2021-05-16 00.00.00.000,1
Delta,Hogwarts,2021-05-10 00.00.00.000,2021-05-16 00.00.00.000,6
Delta,Panem,2021-05-10 00.00.00.000,2021-05-16 00.00.00.000,33
Gamma,Panem,2021-05-10 00.00.00.000,2021-05-16 00.00.00.000,2
NULL,Agrabah,2021-05-17 00.00.00.000,2021-05-23 00.00.00.000,7
NULL,Gilead,2021-05-17 00.00.00.000,2021-05-23 00.00.00.000,4
NULL,Hogwarts,2021-05-17 00.00.00.000,2021-05-23 00.00.00.000,542
NULL,Narnia,2021-05-17 00.00.00.000,2021-05-23 00.00.00.000,11
NULL,Pandora,2021-05-17 00.00.00.000,2021-05-23 00.00.00.000,10
NULL,Panem,2021-05-17 00.00.00.000,2021-05-23 00.00.00.000,1128
NULL,Wakanda,2021-05-17 00.00.00.000,2021-05-23 00.00.00.000,12
Alpha,Agrabah,2021-05-17 00.00.00.000,2021-05-23 00.00.00.000,35
Alpha,Asgard,2021-05-17 00.00.00.000,2021-05-23 00.00.00.000,7
Alpha,Gilead,2021-05-17 00.00.00.000,2021-05-23 00.00.00.000,26
Alpha,Hogwarts,2021-05-17 00.00.00.000,2021-05-23 00.00.00.000,2115
Alpha,Narnia,2021-05-17 00.00.00.000,2021-05-23 00.00.00.000,79
Alpha,Pandora,2021-05-17 00.00.00.000,2021-05-23 00.00.00.000,30
Alpha,Panem,2021-05-17 00.00.00.000,2021-05-23 00.00.00.000,3819
Alpha,Wakanda,2021-05-17 00.00.00.000,2021-05-23 00.00.00.000,30
Delta,Hogwarts,2021-05-17 00.00.00.000,2021-05-23 00.00.00.000,3
Delta,Panem,2021-05-17 00.00.00.000,2021-05-23 00.00.00.000,15
Gamma,Asgard,2021-05-17 00.00.00.000,2021-05-23 00.00.00.000,1
Gamma,Hogwarts,2021-05-17 00.00.00.000,2021-05-23 00.00.00.000,6
Gamma,Panem,2021-05-17 00.00.00.000,2021-05-23 00.00.00.000,2
NULL,Agrabah,2021-05-24 00.00.00.000,2021-05-30 00.00.00.000,14
NULL,Asgard,2021-05-24 00.00.00.000,2021-05-30 00.00.00.000,7
NULL,Gilead,2021-05-24 00.00.00.000,2021-05-30 00.00.00.000,7
NULL,Hogwarts,2021-05-24 00.00.00.000,2021-05-30 00.00.00.000,380
NULL,Narnia,2021-05-24 00.00.00.000,2021-05-30 00.00.00.000,7
NULL,Pandora,2021-05-24 00.00.00.000,2021-05-30 00.00.00.000,8
NULL,Panem,2021-05-24 00.00.00.000,2021-05-30 00.00.00.000,791
NULL,Wakanda,2021-05-24 00.00.00.000,2021-05-30 00.00.00.000,12
Alpha,Agrabah,2021-05-24 00.00.00.000,2021-05-30 00.00.00.000,21
Alpha,Asgard,2021-05-24 00.00.00.000,2021-05-30 00.00.00.000,41
Alpha,Gilead,2021-05-24 00.00.00.000,2021-05-30 00.00.00.000,42
Alpha,Hogwarts,2021-05-24 00.00.00.000,2021-05-30 00.00.00.000,2591
Alpha,Narnia,2021-05-24 00.00.00.000,2021-05-30 00.00.00.000,49
Alpha,Pandora,2021-05-24 00.00.00.000,2021-05-30 00.00.00.000,9
Alpha,Panem,2021-05-24 00.00.00.000,2021-05-30 00.00.00.000,3958
Alpha,Wakanda,2021-05-24 00.00.00.000,2021-05-30 00.00.00.000,21
Beta,Hogwarts,2021-05-24 00.00.00.000,2021-05-30 00.00.00.000,2
Beta,Panem,2021-05-24 00.00.00.000,2021-05-30 00.00.00.000,2
Delta,Hogwarts,2021-05-24 00.00.00.000,2021-05-30 00.00.00.000,8
Delta,Narnia,2021-05-24 00.00.00.000,2021-05-30 00.00.00.000,1
Delta,Panem,2021-05-24 00.00.00.000,2021-05-30 00.00.00.000,20
Eta,Hogwarts,2021-05-24 00.00.00.000,2021-05-30 00.00.00.000,1
Gamma,Hogwarts,2021-05-24 00.00.00.000,2021-05-30 00.00.00.000,3
Gamma,Panem,2021-05-24 00.00.00.000,2021-05-30 00.00.00.000,6
NULL,Agrabah,2021-05-31 00.00.00.000,2021-06-06 00.00.00.000,3
NULL,Asgard,2021-05-31 00.00.00.000,2021-06-06 00.00.00.000,2
NULL,Gilead,2021-05-31 00.00.00.000,2021-06-06 00.00.00.000,17
NULL,Hogwarts,2021-05-31 00.00.00.000,2021-06-06 00.00.00.000,519
NULL,Narnia,2021-05-31 00.00.00.000,2021-06-06 00.00.00.000,16
NULL,Neverland,2021-05-31 00.00.00.000,2021-06-06 00.00.00.000,1
NULL,Pandora,2021-05-31 00.00.00.000,2021-06-06 00.00.00.000,6
NULL,Panem,2021-05-31 00.00.00.000,2021-06-06 00.00.00.000,122
NULL,Wakanda,2021-05-31 00.00.00.000,2021-06-06 00.00.00.000,12
Alpha,Agrabah,2021-05-31 00.00.00.000,2021-06-06 00.00.00.000,23
Alpha,Asgard,2021-05-31 00.00.00.000,2021-06-06 00.00.00.000,37
Alpha,Gilead,2021-05-31 00.00.00.000,2021-06-06 00.00.00.000,30
Alpha,Hogwarts,2021-05-31 00.00.00.000,2021-06-06 00.00.00.000,5445
Alpha,Narnia,2021-05-31 00.00.00.000,2021-06-06 00.00.00.000,46
Alpha,Neverland,2021-05-31 00.00.00.000,2021-06-06 00.00.00.000,3
Alpha,Pandora,2021-05-31 00.00.00.000,2021-06-06 00.00.00.000,16
Alpha,Panem,2021-05-31 00.00.00.000,2021-06-06 00.00.00.000,428
Alpha,Wakanda,2021-05-31 00.00.00.000,2021-06-06 00.00.00.000,26
Beta,Hogwarts,2021-05-31 00.00.00.000,2021-06-06 00.00.00.000,1
Delta,Hogwarts,2021-05-31 00.00.00.000,2021-06-06 00.00.00.000,54
Delta,Wakanda,2021-05-31 00.00.00.000,2021-06-06 00.00.00.000,2
Gamma,Hogwarts,2021-05-31 00.00.00.000,2021-06-06 00.00.00.000,8
NULL,Agrabah,2021-06-07 00.00.00.000,2021-06-13 00.00.00.000,1
NULL,Asgard,2021-06-07 00.00.00.000,2021-06-13 00.00.00.000,4
NULL,Gilead,2021-06-07 00.00.00.000,2021-06-13 00.00.00.000,9
NULL,Hogwarts,2021-06-07 00.00.00.000,2021-06-13 00.00.00.000,450
NULL,Narnia,2021-06-07 00.00.00.000,2021-06-13 00.00.00.000,5
NULL,Pandora,2021-06-07 00.00.00.000,2021-06-13 00.00.00.000,9
NULL,Wakanda,2021-06-07 00.00.00.000,2021-06-13 00.00.00.000,2
Alpha,Agrabah,2021-06-07 00.00.00.000,2021-06-13 00.00.00.000,12
Alpha,Asgard,2021-06-07 00.00.00.000,2021-06-13 00.00.00.000,38
Alpha,Gilead,2021-06-07 00.00.00.000,2021-06-13 00.00.00.000,12
Alpha,Hogwarts,2021-06-07 00.00.00.000,2021-06-13 00.00.00.000,3477
Alpha,Narnia,2021-06-07 00.00.00.000,2021-06-13 00.00.00.000,24
Alpha,Pandora,2021-06-07 00.00.00.000,2021-06-13 00.00.00.000,2
Alpha,Wakanda,2021-06-07 00.00.00.000,2021-06-13 00.00.00.000,16
Beta,Hogwarts,2021-06-07 00.00.00.000,2021-06-13 00.00.00.000,1
Delta,Agrabah,2021-06-07 00.00.00.000,2021-06-13 00.00.00.000,1
Delta,Asgard,2021-06-07 00.00.00.000,2021-06-13 00.00.00.000,3
Delta,Hogwarts,2021-06-07 00.00.00.000,2021-06-13 00.00.00.000,71
Delta,Narnia,2021-06-07 00.00.00.000,2021-06-13 00.00.00.000,1
Gamma,Hogwarts,2021-06-07 00.00.00.000,2021-06-13 00.00.00.000,7
NULL,Agrabah,2021-06-14 00.00.00.000,2021-06-20 00.00.00.000,4
NULL,Asgard,2021-06-14 00.00.00.000,2021-06-20 00.00.00.000,3
NULL,Gilead,2021-06-14 00.00.00.000,2021-06-20 00.00.00.000,2
NULL,Hogwarts,2021-06-14 00.00.00.000,2021-06-20 00.00.00.000,238
NULL,Narnia,2021-06-14 00.00.00.000,2021-06-20 00.00.00.000,2
NULL,Pandora,2021-06-14 00.00.00.000,2021-06-20 00.00.00.000,4
NULL,Wakanda,2021-06-14 00.00.00.000,2021-06-20 00.00.00.000,7
Alpha,Agrabah,2021-06-14 00.00.00.000,2021-06-20 00.00.00.000,6
Alpha,Asgard,2021-06-14 00.00.00.000,2021-06-20 00.00.00.000,33
Alpha,Gilead,2021-06-14 00.00.00.000,2021-06-20 00.00.00.000,5
Alpha,Hogwarts,2021-06-14 00.00.00.000,2021-06-20 00.00.00.000,1634
Alpha,Narnia,2021-06-14 00.00.00.000,2021-06-20 00.00.00.000,16
Alpha,Pandora,2021-06-14 00.00.00.000,2021-06-20 00.00.00.000,5
Alpha,Wakanda,2021-06-14 00.00.00.000,2021-06-20 00.00.00.000,8
Beta,Hogwarts,2021-06-14 00.00.00.000,2021-06-20 00.00.00.000,1
Delta,Agrabah,2021-06-14 00.00.00.000,2021-06-20 00.00.00.000,1
Delta,Asgard,2021-06-14 00.00.00.000,2021-06-20 00.00.00.000,3
Delta,Gilead,2021-06-14 00.00.00.000,2021-06-20 00.00.00.000,1
Delta,Hogwarts,2021-06-14 00.00.00.000,2021-06-20 00.00.00.000,128
Delta,Narnia,2021-06-14 00.00.00.000,2021-06-20 00.00.00.000,3
Gamma,Hogwarts,2021-06-14 00.00.00.000,2021-06-20 00.00.00.000,10
NULL,Agrabah,2021-06-21 00.00.00.000,2021-06-27 00.00.00.000,3
NULL,Asgard,2021-06-21 00.00.00.000,2021-06-27 00.00.00.000,1
NULL,Gilead,2021-06-21 00.00.00.000,2021-06-27 00.00.00.000,6
NULL,Hogwarts,2021-06-21 00.00.00.000,2021-06-27 00.00.00.000,261
NULL,Narnia,2021-06-21 00.00.00.000,2021-06-27 00.00.00.000,3
NULL,Pandora,2021-06-21 00.00.00.000,2021-06-27 00.00.00.000,10
NULL,Wakanda,2021-06-21 00.00.00.000,2021-06-27 00.00.00.000,7
Alpha,Agrabah,2021-06-21 00.00.00.000,2021-06-27 00.00.00.000,4
Alpha,Asgard,2021-06-21 00.00.00.000,2021-06-27 00.00.00.000,11
Alpha,Gilead,2021-06-21 00.00.00.000,2021-06-27 00.00.00.000,3
Alpha,Hogwarts,2021-06-21 00.00.00.000,2021-06-27 00.00.00.000,988
Alpha,Narnia,2021-06-21 00.00.00.000,2021-06-27 00.00.00.000,6
Alpha,Pandora,2021-06-21 00.00.00.000,2021-06-27 00.00.00.000,4
Alpha,Wakanda,2021-06-21 00.00.00.000,2021-06-27 00.00.00.000,14
Beta,Hogwarts,2021-06-21 00.00.00.000,2021-06-27 00.00.00.000,4
Delta,Agrabah,2021-06-21 00.00.00.000,2021-06-27 00.00.00.000,1
Delta,Asgard,2021-06-21 00.00.00.000,2021-06-27 00.00.00.000,7
Delta,Hogwarts,2021-06-21 00.00.00.000,2021-06-27 00.00.00.000,314
Delta,Narnia,2021-06-21 00.00.00.000,2021-06-27 00.00.00.000,6
Delta,Pandora,2021-06-21 00.00.00.000,2021-06-27 00.00.00.000,7
Gamma,Hogwarts,2021-06-21 00.00.00.000,2021-06-27 00.00.00.000,7
NULL,Asgard,2021-06-28 00.00.00.000,2021-07-04 00.00.00.000,3
NULL,Gilead,2021-06-28 00.00.00.000,2021-07-04 00.00.00.000,5
NULL,Hogwarts,2021-06-28 00.00.00.000,2021-07-04 00.00.00.000,486
NULL,Narnia,2021-06-28 00.00.00.000,2021-07-04 00.00.00.000,7
NULL,Pandora,2021-06-28 00.00.00.000,2021-07-04 00.00.00.000,4
NULL,Wakanda,2021-06-28 00.00.00.000,2021-07-04 00.00.00.000,1
Alpha,Asgard,2021-06-28 00.00.00.000,2021-07-04 00.00.00.000,6
Alpha,Gilead,2021-06-28 00.00.00.000,2021-07-04 00.00.00.000,3
Alpha,Hogwarts,2021-06-28 00.00.00.000,2021-07-04 00.00.00.000,1179
Alpha,Narnia,2021-06-28 00.00.00.000,2021-07-04 00.00.00.000,3
Alpha,Pandora,2021-06-28 00.00.00.000,2021-07-04 00.00.00.000,5
Alpha,Wakanda,2021-06-28 00.00.00.000,2021-07-04 00.00.00.000,3
Beta,Hogwarts,2021-06-28 00.00.00.000,2021-07-04 00.00.00.000,14
Delta,Agrabah,2021-06-28 00.00.00.000,2021-07-04 00.00.00.000,1
Delta,Asgard,2021-06-28 00.00.00.000,2021-07-04 00.00.00.000,11
Delta,Gilead,2021-06-28 00.00.00.000,2021-07-04 00.00.00.000,5
Delta,Hogwarts,2021-06-28 00.00.00.000,2021-07-04 00.00.00.000,1886
Delta,Narnia,2021-06-28 00.00.00.000,2021-07-04 00.00.00.000,8
Delta,Pandora,2021-06-28 00.00.00.000,2021-07-04 00.00.00.000,9
Delta,Wakanda,2021-06-28 00.00.00.000,2021-07-04 00.00.00.000,5
Gamma,Hogwarts,2021-06-28 00.00.00.000,2021-07-04 00.00.00.000,5
NULL,Asgard,2021-07-05 00.00.00.000,2021-07-11 00.00.00.000,16
NULL,Gilead,2021-07-05 00.00.00.000,2021-07-11 00.00.00.000,1
NULL,Hogwarts,2021-07-05 00.00.00.000,2021-07-11 00.00.00.000,794
NULL,Narnia,2021-07-05 00.00.00.000,2021-07-11 00.00.00.000,3
NULL,Pandora,2021-07-05 00.00.00.000,2021-07-11 00.00.00.000,6
NULL,Wakanda,2021-07-05 00.00.00.000,2021-07-11 00.00.00.000,6
Alpha,Asgard,2021-07-05 00.00.00.000,2021-07-11 00.00.00.000,8
Alpha,Gilead,2021-07-05 00.00.00.000,2021-07-11 00.00.00.000,1
Alpha,Hogwarts,2021-07-05 00.00.00.000,2021-07-11 00.00.00.000,660
Alpha,Narnia,2021-07-05 00.00.00.000,2021-07-11 00.00.00.000,4
Alpha,Pandora,2021-07-05 00.00.00.000,2021-07-11 00.00.00.000,2
Alpha,Wakanda,2021-07-05 00.00.00.000,2021-07-11 00.00.00.000,1
Delta,Asgard,2021-07-05 00.00.00.000,2021-07-11 00.00.00.000,72
Delta,Gilead,2021-07-05 00.00.00.000,2021-07-11 00.00.00.000,8
Delta,Hogwarts,2021-07-05 00.00.00.000,2021-07-11 00.00.00.000,2531
Delta,Narnia,2021-07-05 00.00.00.000,2021-07-11 00.00.00.000,27
Delta,Pandora,2021-07-05 00.00.00.000,2021-07-11 00.00.00.000,7
Delta,Wakanda,2021-07-05 00.00.00.000,2021-07-11 00.00.00.000,10
Gamma,Hogwarts,2021-07-05 00.00.00.000,2021-07-11 00.00.00.000,4
NULL,Asgard,2021-07-12 00.00.00.000,2021-07-18 00.00.00.000,6
NULL,Gilead,2021-07-12 00.00.00.000,2021-07-18 00.00.00.000,10
NULL,Hogwarts,2021-07-12 00.00.00.000,2021-07-18 00.00.00.000,604
NULL,Narnia,2021-07-12 00.00.00.000,2021-07-18 00.00.00.000,1
NULL,Pandora,2021-07-12 00.00.00.000,2021-07-18 00.00.00.000,6
NULL,Wakanda,2021-07-12 00.00.00.000,2021-07-18 00.00.00.000,5
Alpha,Asgard,2021-07-12 00.00.00.000,2021-07-18 00.00.00.000,2
Alpha,Gilead,2021-07-12 00.00.00.000,2021-07-18 00.00.00.000,5
Alpha,Hogwarts,2021-07-12 00.00.00.000,2021-07-18 00.00.00.000,548
Alpha,Narnia,2021-07-12 00.00.00.000,2021-07-18 00.00.00.000,2
Alpha,Pandora,2021-07-12 00.00.00.000,2021-07-18 00.00.00.000,1
Alpha,Wakanda,2021-07-12 00.00.00.000,2021-07-18 00.00.00.000,3
Delta,Agrabah,2021-07-12 00.00.00.000,2021-07-18 00.00.00.000,5
Delta,Asgard,2021-07-12 00.00.00.000,2021-07-18 00.00.00.000,63
Delta,Gilead,2021-07-12 00.00.00.000,2021-07-18 00.00.00.000,28
Delta,Hogwarts,2021-07-12 00.00.00.000,2021-07-18 00.00.00.000,7015
Delta,Narnia,2021-07-12 00.00.00.000,2021-07-18 00.00.00.000,48
Delta,Pandora,2021-07-12 00.00.00.000,2021-07-18 00.00.00.000,15
Delta,Wakanda,2021-07-12 00.00.00.000,2021-07-18 00.00.00.000,13
Gamma,Hogwarts,2021-07-12 00.00.00.000,2021-07-18 00.00.00.000,4
NULL,Agrabah,2021-07-19 00.00.00.000,2021-07-25 00.00.00.000,1
NULL,Asgard,2021-07-19 00.00.00.000,2021-07-25 00.00.00.000,1
NULL,Gilead,2021-07-19 00.00.00.000,2021-07-25 00.00.00.000,10
NULL,Hogwarts,2021-07-19 00.00.00.000,2021-07-25 00.00.00.000,336
NULL,Narnia,2021-07-19 00.00.00.000,2021-07-25 00.00.00.000,4
NULL,Pandora,2021-07-19 00.00.00.000,2021-07-25 00.00.00.000,2
NULL,Wakanda,2021-07-19 00.00.00.000,2021-07-25 00.00.00.000,4
Alpha,Asgard,2021-07-19 00.00.00.000,2021-07-25 00.00.00.000,1
Alpha,Gilead,2021-07-19 00.00.00.000,2021-07-25 00.00.00.000,3
Alpha,Hogwarts,2021-07-19 00.00.00.000,2021-07-25 00.00.00.000,243
Alpha,Narnia,2021-07-19 00.00.00.000,2021-07-25 00.00.00.000,1
Alpha,Pandora,2021-07-19 00.00.00.000,2021-07-25 00.00.00.000,3
Alpha,Wakanda,2021-07-19 00.00.00.000,2021-07-25 00.00.00.000,1
Beta,Hogwarts,2021-07-19 00.00.00.000,2021-07-25 00.00.00.000,3
Delta,Agrabah,2021-07-19 00.00.00.000,2021-07-25 00.00.00.000,5
Delta,Asgard,2021-07-19 00.00.00.000,2021-07-25 00.00.00.000,28
Delta,Gilead,2021-07-19 00.00.00.000,2021-07-25 00.00.00.000,16
Delta,Hogwarts,2021-07-19 00.00.00.000,2021-07-25 00.00.00.000,5999
Delta,Narnia,2021-07-19 00.00.00.000,2021-07-25 00.00.00.000,37
Delta,Pandora,2021-07-19 00.00.00.000,2021-07-25 00.00.00.000,9
Delta,Wakanda,2021-07-19 00.00.00.000,2021-07-25 00.00.00.000,5
Eta,Hogwarts,2021-07-19 00.00.00.000,2021-07-25 00.00.00.000,1
NULL,Asgard,2021-07-26 00.00.00.000,2021-08-01 00.00.00.000,4
NULL,Gilead,2021-07-26 00.00.00.000,2021-08-01 00.00.00.000,5
NULL,Hogwarts,2021-07-26 00.00.00.000,2021-08-01 00.00.00.000,480
NULL,Narnia,2021-07-26 00.00.00.000,2021-08-01 00.00.00.000,6
NULL,Pandora,2021-07-26 00.00.00.000,2021-08-01 00.00.00.000,1
NULL,Wakanda,2021-07-26 00.00.00.000,2021-08-01 00.00.00.000,5
Alpha,Hogwarts,2021-07-26 00.00.00.000,2021-08-01 00.00.00.000,76
Delta,Agrabah,2021-07-26 00.00.00.000,2021-08-01 00.00.00.000,2
Delta,Asgard,2021-07-26 00.00.00.000,2021-08-01 00.00.00.000,104
Delta,Gilead,2021-07-26 00.00.00.000,2021-08-01 00.00.00.000,21
Delta,Hogwarts,2021-07-26 00.00.00.000,2021-08-01 00.00.00.000,6527
Delta,Narnia,2021-07-26 00.00.00.000,2021-08-01 00.00.00.000,50
Delta,Pandora,2021-07-26 00.00.00.000,2021-08-01 00.00.00.000,3
Delta,Wakanda,2021-07-26 00.00.00.000,2021-08-01 00.00.00.000,17
Gamma,Hogwarts,2021-07-26 00.00.00.000,2021-08-01 00.00.00.000,1
NULL,Asgard,2021-08-02 00.00.00.000,2021-08-08 00.00.00.000,30
NULL,Gilead,2021-08-02 00.00.00.000,2021-08-08 00.00.00.000,12
NULL,Hogwarts,2021-08-02 00.00.00.000,2021-08-08 00.00.00.000,594
NULL,Narnia,2021-08-02 00.00.00.000,2021-08-08 00.00.00.000,8
NULL,Pandora,2021-08-02 00.00.00.000,2021-08-08 00.00.00.000,2
NULL,Wakanda,2021-08-02 00.00.00.000,2021-08-08 00.00.00.000,7
Alpha,Hogwarts,2021-08-02 00.00.00.000,2021-08-08 00.00.00.000,69
Delta,Agrabah,2021-08-02 00.00.00.000,2021-08-08 00.00.00.000,9
Delta,Asgard,2021-08-02 00.00.00.000,2021-08-08 00.00.00.000,156
Delta,Gilead,2021-08-02 00.00.00.000,2021-08-08 00.00.00.000,25
Delta,Hogwarts,2021-08-02 00.00.00.000,2021-08-08 00.00.00.000,7306
Delta,Narnia,2021-08-02 00.00.00.000,2021-08-08 00.00.00.000,62
Delta,Pandora,2021-08-02 00.00.00.000,2021-08-08 00.00.00.000,17
Delta,Wakanda,2021-08-02 00.00.00.000,2021-08-08 00.00.00.000,23
NULL,Agrabah,2021-08-09 00.00.00.000,2021-08-15 00.00.00.000,3
NULL,Asgard,2021-08-09 00.00.00.000,2021-08-15 00.00.00.000,33
NULL,Gilead,2021-08-09 00.00.00.000,2021-08-15 00.00.00.000,14
NULL,Hogwarts,2021-08-09 00.00.00.000,2021-08-15 00.00.00.000,788
NULL,Narnia,2021-08-09 00.00.00.000,2021-08-15 00.00.00.000,4
NULL,Pandora,2021-08-09 00.00.00.000,2021-08-15 00.00.00.000,4
NULL,Wakanda,2021-08-09 00.00.00.000,2021-08-15 00.00.00.000,11
Alpha,Hogwarts,2021-08-09 00.00.00.000,2021-08-15 00.00.00.000,37
Alpha,Pandora,2021-08-09 00.00.00.000,2021-08-15 00.00.00.000,1
Delta,Agrabah,2021-08-09 00.00.00.000,2021-08-15 00.00.00.000,29
Delta,Asgard,2021-08-09 00.00.00.000,2021-08-15 00.00.00.000,42
Delta,Gilead,2021-08-09 00.00.00.000,2021-08-15 00.00.00.000,35
Delta,Hogwarts,2021-08-09 00.00.00.000,2021-08-15 00.00.00.000,7458
Delta,Narnia,2021-08-09 00.00.00.000,2021-08-15 00.00.00.000,84
Delta,Pandora,2021-08-09 00.00.00.000,2021-08-15 00.00.00.000,11
Delta,Wakanda,2021-08-09 00.00.00.000,2021-08-15 00.00.00.000,30
NULL,Agrabah,2021-08-16 00.00.00.000,2021-08-22 00.00.00.000,3
NULL,Asgard,2021-08-16 00.00.00.000,2021-08-22 00.00.00.000,27
NULL,Gilead,2021-08-16 00.00.00.000,2021-08-22 00.00.00.000,15
NULL,Hogwarts,2021-08-16 00.00.00.000,2021-08-22 00.00.00.000,460
NULL,Narnia,2021-08-16 00.00.00.000,2021-08-22 00.00.00.000,4
NULL,Pandora,2021-08-16 00.00.00.000,2021-08-22 00.00.00.000,15
NULL,Wakanda,2021-08-16 00.00.00.000,2021-08-22 00.00.00.000,7
Alpha,Agrabah,2021-08-16 00.00.00.000,2021-08-22 00.00.00.000,1
Alpha,Gilead,2021-08-16 00.00.00.000,2021-08-22 00.00.00.000,3
Alpha,Hogwarts,2021-08-16 00.00.00.000,2021-08-22 00.00.00.000,11
Delta,Agrabah,2021-08-16 00.00.00.000,2021-08-22 00.00.00.000,33
Delta,Asgard,2021-08-16 00.00.00.000,2021-08-22 00.00.00.000,82
Delta,Gilead,2021-08-16 00.00.00.000,2021-08-22 00.00.00.000,43
Delta,Hogwarts,2021-08-16 00.00.00.000,2021-08-22 00.00.00.000,6529
Delta,Narnia,2021-08-16 00.00.00.000,2021-08-22 00.00.00.000,55
Delta,Pandora,2021-08-16 00.00.00.000,2021-08-22 00.00.00.000,11
Delta,Wakanda,2021-08-16 00.00.00.000,2021-08-22 00.00.00.000,20
NULL,Agrabah,2021-08-23 00.00.00.000,2021-08-29 00.00.00.000,7
NULL,Asgard,2021-08-23 00.00.00.000,2021-08-29 00.00.00.000,18
NULL,Gilead,2021-08-23 00.00.00.000,2021-08-29 00.00.00.000,16
NULL,Hogwarts,2021-08-23 00.00.00.000,2021-08-29 00.00.00.000,555
NULL,Narnia,2021-08-23 00.00.00.000,2021-08-29 00.00.00.000,4
NULL,Pandora,2021-08-23 00.00.00.000,2021-08-29 00.00.00.000,5
NULL,Wakanda,2021-08-23 00.00.00.000,2021-08-29 00.00.00.000,5
Alpha,Gilead,2021-08-23 00.00.00.000,2021-08-29 00.00.00.000,3
Alpha,Hogwarts,2021-08-23 00.00.00.000,2021-08-29 00.00.00.000,2
Delta,Agrabah,2021-08-23 00.00.00.000,2021-08-29 00.00.00.000,16
Delta,Asgard,2021-08-23 00.00.00.000,2021-08-29 00.00.00.000,93
Delta,Gilead,2021-08-23 00.00.00.000,2021-08-29 00.00.00.000,50
Delta,Hogwarts,2021-08-23 00.00.00.000,2021-08-29 00.00.00.000,6765
Delta,Narnia,2021-08-23 00.00.00.000,2021-08-29 00.00.00.000,70
Delta,Pandora,2021-08-23 00.00.00.000,2021-08-29 00.00.00.000,36
Delta,Wakanda,2021-08-23 00.00.00.000,2021-08-29 00.00.00.000,21
NULL,Agrabah,2021-08-30 00.00.00.000,2021-09-05 00.00.00.000,2
NULL,Asgard,2021-08-30 00.00.00.000,2021-09-05 00.00.00.000,14
NULL,Gilead,2021-08-30 00.00.00.000,2021-09-05 00.00.00.000,8
NULL,Hogwarts,2021-08-30 00.00.00.000,2021-09-05 00.00.00.000,372
NULL,Narnia,2021-08-30 00.00.00.000,2021-09-05 00.00.00.000,2
NULL,Pandora,2021-08-30 00.00.00.000,2021-09-05 00.00.00.000,2
NULL,Wakanda,2021-08-30 00.00.00.000,2021-09-05 00.00.00.000,7
Alpha,Gilead,2021-08-30 00.00.00.000,2021-09-05 00.00.00.000,1
Alpha,Hogwarts,2021-08-30 00.00.00.000,2021-09-05 00.00.00.000,3
Delta,Agrabah,2021-08-30 00.00.00.000,2021-09-05 00.00.00.000,17
Delta,Asgard,2021-08-30 00.00.00.000,2021-09-05 00.00.00.000,72
Delta,Gilead,2021-08-30 00.00.00.000,2021-09-05 00.00.00.000,25
Delta,Hogwarts,2021-08-30 00.00.00.000,2021-09-05 00.00.00.000,4543
Delta,Narnia,2021-08-30 00.00.00.000,2021-09-05 00.00.00.000,54
Delta,Neverland,2021-08-30 00.00.00.000,2021-09-05 00.00.00.000,16
Delta,Pandora,2021-08-30 00.00.00.000,2021-09-05 00.00.00.000,17
Delta,Wakanda,2021-08-30 00.00.00.000,2021-09-05 00.00.00.000,24
NULL,Agrabah,2021-09-06 00.00.00.000,2021-09-12 00.00.00.000,2
NULL,Asgard,2021-09-06 00.00.00.000,2021-09-12 00.00.00.000,16
NULL,Gilead,2021-09-06 00.00.00.000,2021-09-12 00.00.00.000,13
NULL,Hogwarts,2021-09-06 00.00.00.000,2021-09-12 00.00.00.000,358
NULL,Narnia,2021-09-06 00.00.00.000,2021-09-12 00.00.00.000,6
NULL,Pandora,2021-09-06 00.00.00.000,2021-09-12 00.00.00.000,3
NULL,Wakanda,2021-09-06 00.00.00.000,2021-09-12 00.00.00.000,10
Alpha,Gilead,2021-09-06 00.00.00.000,2021-09-12 00.00.00.000,3
Alpha,Hogwarts,2021-09-06 00.00.00.000,2021-09-12 00.00.00.000,2
Delta,Agrabah,2021-09-06 00.00.00.000,2021-09-12 00.00.00.000,9
Delta,Asgard,2021-09-06 00.00.00.000,2021-09-12 00.00.00.000,72
Delta,Gilead,2021-09-06 00.00.00.000,2021-09-12 00.00.00.000,26
Delta,Hogwarts,2021-09-06 00.00.00.000,2021-09-12 00.00.00.000,3424
Delta,Narnia,2021-09-06 00.00.00.000,2021-09-12 00.00.00.000,49
Delta,Neverland,2021-09-06 00.00.00.000,2021-09-12 00.00.00.000,18
Delta,Pandora,2021-09-06 00.00.00.000,2021-09-12 00.00.00.000,12
Delta,Wakanda,2021-09-06 00.00.00.000,2021-09-12 00.00.00.000,20
NULL,Agrabah,2021-09-13 00.00.00.000,2021-09-19 00.00.00.000,1
NULL,Asgard,2021-09-13 00.00.00.000,2021-09-19 00.00.00.000,10
NULL,Gilead,2021-09-13 00.00.00.000,2021-09-19 00.00.00.000,3
NULL,Hogwarts,2021-09-13 00.00.00.000,2021-09-19 00.00.00.000,235
NULL,Narnia,2021-09-13 00.00.00.000,2021-09-19 00.00.00.000,11
NULL,Pandora,2021-09-13 00.00.00.000,2021-09-19 00.00.00.000,4
NULL,Wakanda,2021-09-13 00.00.00.000,2021-09-19 00.00.00.000,9
Alpha,Hogwarts,2021-09-13 00.00.00.000,2021-09-19 00.00.00.000,1
Delta,Agrabah,2021-09-13 00.00.00.000,2021-09-19 00.00.00.000,17
Delta,Asgard,2021-09-13 00.00.00.000,2021-09-19 00.00.00.000,38
Delta,Gilead,2021-09-13 00.00.00.000,2021-09-19 00.00.00.000,11
Delta,Hogwarts,2021-09-13 00.00.00.000,2021-09-19 00.00.00.000,2934
Delta,Narnia,2021-09-13 00.00.00.000,2021-09-19 00.00.00.000,35
Delta,Neverland,2021-09-13 00.00.00.000,2021-09-19 00.00.00.000,12
Delta,Pandora,2021-09-13 00.00.00.000,2021-09-19 00.00.00.000,9
Delta,Wakanda,2021-09-13 00.00.00.000,2021-09-19 00.00.00.000,23
NULL,Asgard,2021-09-20 00.00.00.000,2021-09-26 00.00.00.000,18
NULL,Gilead,2021-09-20 00.00.00.000,2021-09-26 00.00.00.000,11
NULL,Hogwarts,2021-09-20 00.00.00.000,2021-09-26 00.00.00.000,298
NULL,Narnia,2021-09-20 00.00.00.000,2021-09-26 00.00.00.000,5
NULL,Pandora,2021-09-20 00.00.00.000,2021-09-26 00.00.00.000,7
NULL,Wakanda,2021-09-20 00.00.00.000,2021-09-26 00.00.00.000,6
Delta,Agrabah,2021-09-20 00.00.00.000,2021-09-26 00.00.00.000,2
Delta,Asgard,2021-09-20 00.00.00.000,2021-09-26 00.00.00.000,51
Delta,Gilead,2021-09-20 00.00.00.000,2021-09-26 00.00.00.000,31
Delta,Hogwarts,2021-09-20 00.00.00.000,2021-09-26 00.00.00.000,2531
Delta,Narnia,2021-09-20 00.00.00.000,2021-09-26 00.00.00.000,16
Delta,Neverland,2021-09-20 00.00.00.000,2021-09-26 00.00.00.000,29
Delta,Pandora,2021-09-20 00.00.00.000,2021-09-26 00.00.00.000,12
Delta,Wakanda,2021-09-20 00.00.00.000,2021-09-26 00.00.00.000,19
NULL,Asgard,2021-09-27 00.00.00.000,2021-10-03 00.00.00.000,11
NULL,Gilead,2021-09-27 00.00.00.000,2021-10-03 00.00.00.000,7
NULL,Hogwarts,2021-09-27 00.00.00.000,2021-10-03 00.00.00.000,151
NULL,Narnia,2021-09-27 00.00.00.000,2021-10-03 00.00.00.000,3
NULL,Pandora,2021-09-27 00.00.00.000,2021-10-03 00.00.00.000,3
NULL,Wakanda,2021-09-27 00.00.00.000,2021-10-03 00.00.00.000,5
Delta,Agrabah,2021-09-27 00.00.00.000,2021-10-03 00.00.00.000,5
Delta,Asgard,2021-09-27 00.00.00.000,2021-10-03 00.00.00.000,74
Delta,Gilead,2021-09-27 00.00.00.000,2021-10-03 00.00.00.000,17
Delta,Hogwarts,2021-09-27 00.00.00.000,2021-10-03 00.00.00.000,2983
Delta,Narnia,2021-09-27 00.00.00.000,2021-10-03 00.00.00.000,22
Delta,Neverland,2021-09-27 00.00.00.000,2021-10-03 00.00.00.000,46
Delta,Pandora,2021-09-27 00.00.00.000,2021-10-03 00.00.00.000,11
Delta,Wakanda,2021-09-27 00.00.00.000,2021-10-03 00.00.00.000,21
NULL,Agrabah,2021-10-04 00.00.00.000,2021-10-10 00.00.00.000,2
NULL,Asgard,2021-10-04 00.00.00.000,2021-10-10 00.00.00.000,19
NULL,Gilead,2021-10-04 00.00.00.000,2021-10-10 00.00.00.000,6
NULL,Hogwarts,2021-10-04 00.00.00.000,2021-10-10 00.00.00.000,407
NULL,Narnia,2021-10-04 00.00.00.000,2021-10-10 00.00.00.000,10
NULL,Pandora,2021-10-04 00.00.00.000,2021-10-10 00.00.00.000,5
NULL,Wakanda,2021-10-04 00.00.00.000,2021-10-10 00.00.00.000,9
Delta,Agrabah,2021-10-04 00.00.00.000,2021-10-10 00.00.00.000,13
Delta,Asgard,2021-10-04 00.00.00.000,2021-10-10 00.00.00.000,60
Delta,Gilead,2021-10-04 00.00.00.000,2021-10-10 00.00.00.000,11
Delta,Hogwarts,2021-10-04 00.00.00.000,2021-10-10 00.00.00.000,4355
Delta,Narnia,2021-10-04 00.00.00.000,2021-10-10 00.00.00.000,25
Delta,Neverland,2021-10-04 00.00.00.000,2021-10-10 00.00.00.000,27
Delta,Pandora,2021-10-04 00.00.00.000,2021-10-10 00.00.00.000,13
Delta,Wakanda,2021-10-04 00.00.00.000,2021-10-10 00.00.00.000,22
NULL,Asgard,2021-10-11 00.00.00.000,2021-10-17 00.00.00.000,11
NULL,Gilead,2021-10-11 00.00.00.000,2021-10-17 00.00.00.000,14
NULL,Hogwarts,2021-10-11 00.00.00.000,2021-10-17 00.00.00.000,629
NULL,Narnia,2021-10-11 00.00.00.000,2021-10-17 00.00.00.000,9
NULL,Pandora,2021-10-11 00.00.00.000,2021-10-17 00.00.00.000,5
NULL,Wakanda,2021-10-11 00.00.00.000,2021-10-17 00.00.00.000,7
Alpha,Hogwarts,2021-10-11 00.00.00.000,2021-10-17 00.00.00.000,2
Delta,Agrabah,2021-10-11 00.00.00.000,2021-10-17 00.00.00.000,13
Delta,Asgard,2021-10-11 00.00.00.000,2021-10-17 00.00.00.000,51
Delta,Gilead,2021-10-11 00.00.00.000,2021-10-17 00.00.00.000,13
Delta,Hogwarts,2021-10-11 00.00.00.000,2021-10-17 00.00.00.000,4971
Delta,Narnia,2021-10-11 00.00.00.000,2021-10-17 00.00.00.000,34
Delta,Neverland,2021-10-11 00.00.00.000,2021-10-17 00.00.00.000,67
Delta,Pandora,2021-10-11 00.00.00.000,2021-10-17 00.00.00.000,22
Delta,Wakanda,2021-10-11 00.00.00.000,2021-10-17 00.00.00.000,35
NULL,Agrabah,2021-10-18 00.00.00.000,2021-10-24 00.00.00.000,4
NULL,Asgard,2021-10-18 00.00.00.000,2021-10-24 00.00.00.000,20
NULL,Gilead,2021-10-18 00.00.00.000,2021-10-24 00.00.00.000,6
NULL,Hogwarts,2021-10-18 00.00.00.000,2021-10-24 00.00.00.000,524
NULL,Narnia,2021-10-18 00.00.00.000,2021-10-24 00.00.00.000,11
NULL,Pandora,2021-10-18 00.00.00.000,2021-10-24 00.00.00.000,4
NULL,Wakanda,2021-10-18 00.00.00.000,2021-10-24 00.00.00.000,15
Delta,Agrabah,2021-10-18 00.00.00.000,2021-10-24 00.00.00.000,16
Delta,Asgard,2021-10-18 00.00.00.000,2021-10-24 00.00.00.000,106
Delta,Gilead,2021-10-18 00.00.00.000,2021-10-24 00.00.00.000,9
Delta,Hogwarts,2021-10-18 00.00.00.000,2021-10-24 00.00.00.000,8166
Delta,Narnia,2021-10-18 00.00.00.000,2021-10-24 00.00.00.000,71
Delta,Neverland,2021-10-18 00.00.00.000,2021-10-24 00.00.00.000,31
Delta,Pandora,2021-10-18 00.00.00.000,2021-10-24 00.00.00.000,29
Delta,Wakanda,2021-10-18 00.00.00.000,2021-10-24 00.00.00.000,45
NULL,Agrabah,2021-10-25 00.00.00.000,2021-10-31 00.00.00.000,12
NULL,Asgard,2021-10-25 00.00.00.000,2021-10-31 00.00.00.000,37
NULL,Gilead,2021-10-25 00.00.00.000,2021-10-31 00.00.00.000,3
NULL,Hogwarts,2021-10-25 00.00.00.000,2021-10-31 00.00.00.000,511
NULL,Narnia,2021-10-25 00.00.00.000,2021-10-31 00.00.00.000,8
NULL,Pandora,2021-10-25 00.00.00.000,2021-10-31 00.00.00.000,6
NULL,Wakanda,2021-10-25 00.00.00.000,2021-10-31 00.00.00.000,29
Alpha,Agrabah,2021-10-25 00.00.00.000,2021-10-31 00.00.00.000,2
Delta,Agrabah,2021-10-25 00.00.00.000,2021-10-31 00.00.00.000,39
Delta,Asgard,2021-10-25 00.00.00.000,2021-10-31 00.00.00.000,124
Delta,Gilead,2021-10-25 00.00.00.000,2021-10-31 00.00.00.000,36
Delta,Hogwarts,2021-10-25 00.00.00.000,2021-10-31 00.00.00.000,9786
Delta,Narnia,2021-10-25 00.00.00.000,2021-10-31 00.00.00.000,67
Delta,Neverland,2021-10-25 00.00.00.000,2021-10-31 00.00.00.000,37
Delta,Pandora,2021-10-25 00.00.00.000,2021-10-31 00.00.00.000,38
Delta,Wakanda,2021-10-25 00.00.00.000,2021-10-31 00.00.00.000,54
NULL,Agrabah,2021-11-01 00.00.00.000,2021-11-07 00.00.00.000,8
NULL,Asgard,2021-11-01 00.00.00.000,2021-11-07 00.00.00.000,49
NULL,Gilead,2021-11-01 00.00.00.000,2021-11-07 00.00.00.000,9
NULL,Hogwarts,2021-11-01 00.00.00.000,2021-11-07 00.00.00.000,739
NULL,Narnia,2021-11-01 00.00.00.000,2021-11-07 00.00.00.000,21
NULL,Pandora,2021-11-01 00.00.00.000,2021-11-07 00.00.00.000,15
NULL,Wakanda,2021-11-01 00.00.00.000,2021-11-07 00.00.00.000,35
Delta,Agrabah,2021-11-01 00.00.00.000,2021-11-07 00.00.00.000,16
Delta,Asgard,2021-11-01 00.00.00.000,2021-11-07 00.00.00.000,146
Delta,Gilead,2021-11-01 00.00.00.000,2021-11-07 00.00.00.000,53
Delta,Hogwarts,2021-11-01 00.00.00.000,2021-11-07 00.00.00.000,12647
Delta,Narnia,2021-11-01 00.00.00.000,2021-11-07 00.00.00.000,109
Delta,Neverland,2021-11-01 00.00.00.000,2021-11-07 00.00.00.000,23
Delta,Pandora,2021-11-01 00.00.00.000,2021-11-07 00.00.00.000,49
Delta,Wakanda,2021-11-01 00.00.00.000,2021-11-07 00.00.00.000,93
NULL,Agrabah,2021-11-08 00.00.00.000,2021-11-14 00.00.00.000,6
NULL,Asgard,2021-11-08 00.00.00.000,2021-11-14 00.00.00.000,92
NULL,Gilead,2021-11-08 00.00.00.000,2021-11-14 00.00.00.000,29
NULL,Hogwarts,2021-11-08 00.00.00.000,2021-11-14 00.00.00.000,817
NULL,Narnia,2021-11-08 00.00.00.000,2021-11-14 00.00.00.000,26
NULL,Pandora,2021-11-08 00.00.00.000,2021-11-14 00.00.00.000,25
NULL,Wakanda,2021-11-08 00.00.00.000,2021-11-14 00.00.00.000,26
Delta,Agrabah,2021-11-08 00.00.00.000,2021-11-14 00.00.00.000,39
Delta,Asgard,2021-11-08 00.00.00.000,2021-11-14 00.00.00.000,239
Delta,Gilead,2021-11-08 00.00.00.000,2021-11-14 00.00.00.000,103
Delta,Hogwarts,2021-11-08 00.00.00.000,2021-11-14 00.00.00.000,14989
Delta,Narnia,2021-11-08 00.00.00.000,2021-11-14 00.00.00.000,116
Delta,Neverland,2021-11-08 00.00.00.000,2021-11-14 00.00.00.000,40
Delta,Pandora,2021-11-08 00.00.00.000,2021-11-14 00.00.00.000,61
Delta,Wakanda,2021-11-08 00.00.00.000,2021-11-14 00.00.00.000,65
NULL,Agrabah,2021-11-15 00.00.00.000,2021-11-21 00.00.00.000,5
NULL,Asgard,2021-11-15 00.00.00.000,2021-11-21 00.00.00.000,12
NULL,Gilead,2021-11-15 00.00.00.000,2021-11-21 00.00.00.000,30
NULL,Hogwarts,2021-11-15 00.00.00.000,2021-11-21 00.00.00.000,1003
NULL,Narnia,2021-11-15 00.00.00.000,2021-11-21 00.00.00.000,3
NULL,Pandora,2021-11-15 00.00.00.000,2021-11-21 00.00.00.000,38
NULL,Wakanda,2021-11-15 00.00.00.000,2021-11-21 00.00.00.000,17
Delta,Agrabah,2021-11-15 00.00.00.000,2021-11-21 00.00.00.000,68
Delta,Asgard,2021-11-15 00.00.00.000,2021-11-21 00.00.00.000,40
Delta,Gilead,2021-11-15 00.00.00.000,2021-11-21 00.00.00.000,107
Delta,Hogwarts,2021-11-15 00.00.00.000,2021-11-21 00.00.00.000,13144
Delta,Narnia,2021-11-15 00.00.00.000,2021-11-21 00.00.00.000,41
Delta,Neverland,2021-11-15 00.00.00.000,2021-11-21 00.00.00.000,21
Delta,Pandora,2021-11-15 00.00.00.000,2021-11-21 00.00.00.000,96
Delta,Wakanda,2021-11-15 00.00.00.000,2021-11-21 00.00.00.000,75
NULL,Agrabah,2021-11-22 00.00.00.000,2021-11-28 00.00.00.000,4
NULL,Asgard,2021-11-22 00.00.00.000,2021-11-28 00.00.00.000,67
NULL,Gilead,2021-11-22 00.00.00.000,2021-11-28 00.00.00.000,34
NULL,Hogwarts,2021-11-22 00.00.00.000,2021-11-28 00.00.00.000,1161
NULL,Middle-Earth,2021-11-22 00.00.00.000,2021-11-28 00.00.00.000,32
NULL,Narnia,2021-11-22 00.00.00.000,2021-11-28 00.00.00.000,19
NULL,Pandora,2021-11-22 00.00.00.000,2021-11-28 00.00.00.000,36
NULL,Wakanda,2021-11-22 00.00.00.000,2021-11-28 00.00.00.000,14
BA.1,Hogwarts,2021-11-22 00.00.00.000,2021-11-28 00.00.00.000,15
Delta,Agrabah,2021-11-22 00.00.00.000,2021-11-28 00.00.00.000,32
Delta,Asgard,2021-11-22 00.00.00.000,2021-11-28 00.00.00.000,174
Delta,Gilead,2021-11-22 00.00.00.000,2021-11-28 00.00.00.000,116
Delta,Hogwarts,2021-11-22 00.00.00.000,2021-11-28 00.00.00.000,14482
Delta,Middle-Earth,2021-11-22 00.00.00.000,2021-11-28 00.00.00.000,59
Delta,Narnia,2021-11-22 00.00.00.000,2021-11-28 00.00.00.000,116
Delta,Neverland,2021-11-22 00.00.00.000,2021-11-28 00.00.00.000,19
Delta,Pandora,2021-11-22 00.00.00.000,2021-11-28 00.00.00.000,96
Delta,Wakanda,2021-11-22 00.00.00.000,2021-11-28 00.00.00.000,55
NULL,Gilead,2021-11-29 00.00.00.000,2021-12-05 00.00.00.000,32
NULL,Hogwarts,2021-11-29 00.00.00.000,2021-12-05 00.00.00.000,1503
NULL,Middle-Earth,2021-11-29 00.00.00.000,2021-12-05 00.00.00.000,108
NULL,Narnia,2021-11-29 00.00.00.000,2021-12-05 00.00.00.000,35
NULL,Pandora,2021-11-29 00.00.00.000,2021-12-05 00.00.00.000,54
NULL,Wakanda,2021-11-29 00.00.00.000,2021-12-05 00.00.00.000,12
BA.1,Gilead,2021-11-29 00.00.00.000,2021-12-05 00.00.00.000,2
BA.1,Hogwarts,2021-11-29 00.00.00.000,2021-12-05 00.00.00.000,263
BA.1,Middle-Earth,2021-11-29 00.00.00.000,2021-12-05 00.00.00.000,4
BA.1,Narnia,2021-11-29 00.00.00.000,2021-12-05 00.00.00.000,4
BA.1,Pandora,2021-11-29 00.00.00.000,2021-12-05 00.00.00.000,2
Delta,Asgard,2021-11-29 00.00.00.000,2021-12-05 00.00.00.000,1
Delta,Gilead,2021-11-29 00.00.00.000,2021-12-05 00.00.00.000,95
Delta,Hogwarts,2021-11-29 00.00.00.000,2021-12-05 00.00.00.000,17663
Delta,Middle-Earth,2021-11-29 00.00.00.000,2021-12-05 00.00.00.000,346
Delta,Narnia,2021-11-29 00.00.00.000,2021-12-05 00.00.00.000,178
Delta,Neverland,2021-11-29 00.00.00.000,2021-12-05 00.00.00.000,20
Delta,Pandora,2021-11-29 00.00.00.000,2021-12-05 00.00.00.000,145
Delta,Wakanda,2021-11-29 00.00.00.000,2021-12-05 00.00.00.000,44
NULL,Asgard,2021-12-06 00.00.00.000,2021-12-12 00.00.00.000,88
NULL,Gilead,2021-12-06 00.00.00.000,2021-12-12 00.00.00.000,22
NULL,Hogwarts,2021-12-06 00.00.00.000,2021-12-12 00.00.00.000,2558
NULL,Middle-Earth,2021-12-06 00.00.00.000,2021-12-12 00.00.00.000,216
NULL,Narnia,2021-12-06 00.00.00.000,2021-12-12 00.00.00.000,27
NULL,Pandora,2021-12-06 00.00.00.000,2021-12-12 00.00.00.000,61
NULL,Wakanda,2021-12-06 00.00.00.000,2021-12-12 00.00.00.000,6
BA.1,Asgard,2021-12-06 00.00.00.000,2021-12-12 00.00.00.000,47
BA.1,Gilead,2021-12-06 00.00.00.000,2021-12-12 00.00.00.000,33
BA.1,Hogwarts,2021-12-06 00.00.00.000,2021-12-12 00.00.00.000,1373
BA.1,Middle-Earth,2021-12-06 00.00.00.000,2021-12-12 00.00.00.000,106
BA.1,Narnia,2021-12-06 00.00.00.000,2021-12-12 00.00.00.000,18
BA.1,Pandora,2021-12-06 00.00.00.000,2021-12-12 00.00.00.000,79
BA.1,Wakanda,2021-12-06 00.00.00.000,2021-12-12 00.00.00.000,3
BA.2,Hogwarts,2021-12-06 00.00.00.000,2021-12-12 00.00.00.000,3
Delta,Asgard,2021-12-06 00.00.00.000,2021-12-12 00.00.00.000,300
Delta,Gilead,2021-12-06 00.00.00.000,2021-12-12 00.00.00.000,53
Delta,Hogwarts,2021-12-06 00.00.00.000,2021-12-12 00.00.00.000,16858
Delta,Middle-Earth,2021-12-06 00.00.00.000,2021-12-12 00.00.00.000,362
Delta,Narnia,2021-12-06 00.00.00.000,2021-12-12 00.00.00.000,129
Delta,Pandora,2021-12-06 00.00.00.000,2021-12-12 00.00.00.000,144
Delta,Wakanda,2021-12-06 00.00.00.000,2021-12-12 00.00.00.000,38
Omicron,Hogwarts,2021-12-06 00.00.00.000,2021-12-12 00.00.00.000,1
NULL,Asgard,2021-12-13 00.00.00.000,2021-12-19 00.00.00.000,13
NULL,Gilead,2021-12-13 00.00.00.000,2021-12-19 00.00.00.000,39
NULL,Hogwarts,2021-12-13 00.00.00.000,2021-12-19 00.00.00.000,2565
NULL,Middle-Earth,2021-12-13 00.00.00.000,2021-12-19 00.00.00.000,229
NULL,Narnia,2021-12-13 00.00.00.000,2021-12-19 00.00.00.000,48
NULL,Pandora,2021-12-13 00.00.00.000,2021-12-19 00.00.00.000,183
NULL,Wakanda,2021-12-13 00.00.00.000,2021-12-19 00.00.00.000,34
BA.1,Asgard,2021-12-13 00.00.00.000,2021-12-19 00.00.00.000,17
BA.1,Gilead,2021-12-13 00.00.00.000,2021-12-19 00.00.00.000,100
BA.1,Hogwarts,2021-12-13 00.00.00.000,2021-12-19 00.00.00.000,3417
BA.1,Middle-Earth,2021-12-13 00.00.00.000,2021-12-19 00.00.00.000,230
BA.1,Narnia,2021-12-13 00.00.00.000,2021-12-19 00.00.00.000,98
BA.1,Pandora,2021-12-13 00.00.00.000,2021-12-19 00.00.00.000,275
BA.1,Wakanda,2021-12-13 00.00.00.000,2021-12-19 00.00.00.000,19
BA.2,Gilead,2021-12-13 00.00.00.000,2021-12-19 00.00.00.000,6
BA.2,Hogwarts,2021-12-13 00.00.00.000,2021-12-19 00.00.00.000,121
BA.2,Middle-Earth,2021-12-13 00.00.00.000,2021-12-19 00.00.00.000,13
BA.2,Narnia,2021-12-13 00.00.00.000,2021-12-19 00.00.00.000,1
BA.2,Pandora,2021-12-13 00.00.00.000,2021-12-19 00.00.00.000,10
Delta,Asgard,2021-12-13 00.00.00.000,2021-12-19 00.00.00.000,74
Delta,Gilead,2021-12-13 00.00.00.000,2021-12-19 00.00.00.000,77
Delta,Hogwarts,2021-12-13 00.00.00.000,2021-12-19 00.00.00.000,5214
Delta,Middle-Earth,2021-12-13 00.00.00.000,2021-12-19 00.00.00.000,207
Delta,Narnia,2021-12-13 00.00.00.000,2021-12-19 00.00.00.000,80
Delta,Pandora,2021-12-13 00.00.00.000,2021-12-19 00.00.00.000,156
Delta,Wakanda,2021-12-13 00.00.00.000,2021-12-19 00.00.00.000,59
Omicron,Hogwarts,2021-12-13 00.00.00.000,2021-12-19 00.00.00.000,4
NULL,Gilead,2021-12-20 00.00.00.000,2021-12-26 00.00.00.000,60
NULL,Hogwarts,2021-12-20 00.00.00.000,2021-12-26 00.00.00.000,1667
NULL,Middle-Earth,2021-12-20 00.00.00.000,2021-12-26 00.00.00.000,102
NULL,Narnia,2021-12-20 00.00.00.000,2021-12-26 00.00.00.000,19
NULL,Pandora,2021-12-20 00.00.00.000,2021-12-26 00.00.00.000,179
NULL,Wakanda,2021-12-20 00.00.00.000,2021-12-26 00.00.00.000,7
Alpha,Gilead,2021-12-20 00.00.00.000,2021-12-26 00.00.00.000,2
BA.1,Gilead,2021-12-20 00.00.00.000,2021-12-26 00.00.00.000,143
BA.1,Hogwarts,2021-12-20 00.00.00.000,2021-12-26 00.00.00.000,4377
BA.1,Middle-Earth,2021-12-20 00.00.00.000,2021-12-26 00.00.00.000,157
BA.1,Narnia,2021-12-20 00.00.00.000,2021-12-26 00.00.00.000,57
BA.1,Pandora,2021-12-20 00.00.00.000,2021-12-26 00.00.00.000,597
BA.1,Wakanda,2021-12-20 00.00.00.000,2021-12-26 00.00.00.000,9
BA.2,Gilead,2021-12-20 00.00.00.000,2021-12-26 00.00.00.000,23
BA.2,Hogwarts,2021-12-20 00.00.00.000,2021-12-26 00.00.00.000,422
BA.2,Middle-Earth,2021-12-20 00.00.00.000,2021-12-26 00.00.00.000,25
BA.2,Narnia,2021-12-20 00.00.00.000,2021-12-26 00.00.00.000,5
BA.2,Pandora,2021-12-20 00.00.00.000,2021-12-26 00.00.00.000,45
BA.2,Wakanda,2021-12-20 00.00.00.000,2021-12-26 00.00.00.000,1
Delta,Gilead,2021-12-20 00.00.00.000,2021-12-26 00.00.00.000,39
Delta,Hogwarts,2021-12-20 00.00.00.000,2021-12-26 00.00.00.000,2485
Delta,Middle-Earth,2021-12-20 00.00.00.000,2021-12-26 00.00.00.000,49
Delta,Narnia,2021-12-20 00.00.00.000,2021-12-26 00.00.00.000,47
Delta,Pandora,2021-12-20 00.00.00.000,2021-12-26 00.00.00.000,126
Delta,Wakanda,2021-12-20 00.00.00.000,2021-12-26 00.00.00.000,19
Omicron,Hogwarts,2021-12-20 00.00.00.000,2021-12-26 00.00.00.000,4
Omicron,Pandora,2021-12-20 00.00.00.000,2021-12-26 00.00.00.000,1
NULL,Asgard,2021-12-27 00.00.00.000,2022-01-02 00.00.00.000,19
NULL,Gilead,2021-12-27 00.00.00.000,2022-01-02 00.00.00.000,9
NULL,Hogwarts,2021-12-27 00.00.00.000,2022-01-02 00.00.00.000,1238
NULL,Middle-Earth,2021-12-27 00.00.00.000,2022-01-02 00.00.00.000,149
NULL,Narnia,2021-12-27 00.00.00.000,2022-01-02 00.00.00.000,52
NULL,Pandora,2021-12-27 00.00.00.000,2022-01-02 00.00.00.000,122
NULL,Wakanda,2021-12-27 00.00.00.000,2022-01-02 00.00.00.000,8
BA.1,Asgard,2021-12-27 00.00.00.000,2022-01-02 00.00.00.000,67
BA.1,Gilead,2021-12-27 00.00.00.000,2022-01-02 00.00.00.000,188
BA.1,Hogwarts,2021-12-27 00.00.00.000,2022-01-02 00.00.00.000,4842
BA.1,Middle-Earth,2021-12-27 00.00.00.000,2022-01-02 00.00.00.000,299
BA.1,Narnia,2021-12-27 00.00.00.000,2022-01-02 00.00.00.000,142
BA.1,Pandora,2021-12-27 00.00.00.000,2022-01-02 00.00.00.000,520
BA.1,Wakanda,2021-12-27 00.00.00.000,2022-01-02 00.00.00.000,12
BA.2,Asgard,2021-12-27 00.00.00.000,2022-01-02 00.00.00.000,20
BA.2,Gilead,2021-12-27 00.00.00.000,2022-01-02 00.00.00.000,46
BA.2,Hogwarts,2021-12-27 00.00.00.000,2022-01-02 00.00.00.000,1004
BA.2,Middle-Earth,2021-12-27 00.00.00.000,2022-01-02 00.00.00.000,129
BA.2,Narnia,2021-12-27 00.00.00.000,2022-01-02 00.00.00.000,24
BA.2,Pandora,2021-12-27 00.00.00.000,2022-01-02 00.00.00.000,164
BA.2,Wakanda,2021-12-27 00.00.00.000,2022-01-02 00.00.00.000,7
Delta,Asgard,2021-12-27 00.00.00.000,2022-01-02 00.00.00.000,21
Delta,Gilead,2021-12-27 00.00.00.000,2022-01-02 00.00.00.000,37
Delta,Hogwarts,2021-12-27 00.00.00.000,2022-01-02 00.00.00.000,911
Delta,Middle-Earth,2021-12-27 00.00.00.000,2022-01-02 00.00.00.000,52
Delta,Narnia,2021-12-27 00.00.00.000,2022-01-02 00.00.00.000,37
Delta,Pandora,2021-12-27 00.00.00.000,2022-01-02 00.00.00.000,55
Delta,Wakanda,2021-12-27 00.00.00.000,2022-01-02 00.00.00.000,12
Omicron,Hogwarts,2021-12-27 00.00.00.000,2022-01-02 00.00.00.000,11
NULL,Asgard,2022-01-03 00.00.00.000,2022-01-09 00.00.00.000,75
NULL,Gilead,2022-01-03 00.00.00.000,2022-01-09 00.00.00.000,27
NULL,Hogwarts,2022-01-03 00.00.00.000,2022-01-09 00.00.00.000,1828
NULL,Middle-Earth,2022-01-03 00.00.00.000,2022-01-09 00.00.00.000,219
NULL,Narnia,2022-01-03 00.00.00.000,2022-01-09 00.00.00.000,66
NULL,Pandora,2022-01-03 00.00.00.000,2022-01-09 00.00.00.000,144
NULL,Wakanda,2022-01-03 00.00.00.000,2022-01-09 00.00.00.000,27
BA.1,Asgard,2022-01-03 00.00.00.000,2022-01-09 00.00.00.000,120
BA.1,Gilead,2022-01-03 00.00.00.000,2022-01-09 00.00.00.000,195
BA.1,Hogwarts,2022-01-03 00.00.00.000,2022-01-09 00.00.00.000,9695
BA.1,Middle-Earth,2022-01-03 00.00.00.000,2022-01-09 00.00.00.000,283
BA.1,Narnia,2022-01-03 00.00.00.000,2022-01-09 00.00.00.000,176
BA.1,Pandora,2022-01-03 00.00.00.000,2022-01-09 00.00.00.000,525
BA.1,Wakanda,2022-01-03 00.00.00.000,2022-01-09 00.00.00.000,33
BA.2,Asgard,2022-01-03 00.00.00.000,2022-01-09 00.00.00.000,56
BA.2,Gilead,2022-01-03 00.00.00.000,2022-01-09 00.00.00.000,76
BA.2,Hogwarts,2022-01-03 00.00.00.000,2022-01-09 00.00.00.000,3580
BA.2,Middle-Earth,2022-01-03 00.00.00.000,2022-01-09 00.00.00.000,178
BA.2,Narnia,2022-01-03 00.00.00.000,2022-01-09 00.00.00.000,37
BA.2,Pandora,2022-01-03 00.00.00.000,2022-01-09 00.00.00.000,277
BA.2,Wakanda,2022-01-03 00.00.00.000,2022-01-09 00.00.00.000,24
Delta,Asgard,2022-01-03 00.00.00.000,2022-01-09 00.00.00.000,27
Delta,Gilead,2022-01-03 00.00.00.000,2022-01-09 00.00.00.000,42
Delta,Hogwarts,2022-01-03 00.00.00.000,2022-01-09 00.00.00.000,665
Delta,Middle-Earth,2022-01-03 00.00.00.000,2022-01-09 00.00.00.000,22
Delta,Narnia,2022-01-03 00.00.00.000,2022-01-09 00.00.00.000,40
Delta,Pandora,2022-01-03 00.00.00.000,2022-01-09 00.00.00.000,23
Delta,Wakanda,2022-01-03 00.00.00.000,2022-01-09 00.00.00.000,12
Omicron,Hogwarts,2022-01-03 00.00.00.000,2022-01-09 00.00.00.000,92
Omicron,Pandora,2022-01-03 00.00.00.000,2022-01-09 00.00.00.000,4
NULL,Agrabah,2022-01-10 00.00.00.000,2022-01-16 00.00.00.000,8
NULL,Asgard,2022-01-10 00.00.00.000,2022-01-16 00.00.00.000,84
NULL,Gilead,2022-01-10 00.00.00.000,2022-01-16 00.00.00.000,62
NULL,Hogwarts,2022-01-10 00.00.00.000,2022-01-16 00.00.00.000,1255
NULL,Middle-Earth,2022-01-10 00.00.00.000,2022-01-16 00.00.00.000,207
NULL,Narnia,2022-01-10 00.00.00.000,2022-01-16 00.00.00.000,70
NULL,Pandora,2022-01-10 00.00.00.000,2022-01-16 00.00.00.000,153
NULL,Wakanda,2022-01-10 00.00.00.000,2022-01-16 00.00.00.000,16
BA.1,Agrabah,2022-01-10 00.00.00.000,2022-01-16 00.00.00.000,38
BA.1,Asgard,2022-01-10 00.00.00.000,2022-01-16 00.00.00.000,83
BA.1,Gilead,2022-01-10 00.00.00.000,2022-01-16 00.00.00.000,263
BA.1,Hogwarts,2022-01-10 00.00.00.000,2022-01-16 00.00.00.000,5916
BA.1,Middle-Earth,2022-01-10 00.00.00.000,2022-01-16 00.00.00.000,270
BA.1,Narnia,2022-01-10 00.00.00.000,2022-01-16 00.00.00.000,156
BA.1,Pandora,2022-01-10 00.00.00.000,2022-01-16 00.00.00.000,404
BA.1,Wakanda,2022-01-10 00.00.00.000,2022-01-16 00.00.00.000,17
BA.2,Agrabah,2022-01-10 00.00.00.000,2022-01-16 00.00.00.000,24
BA.2,Asgard,2022-01-10 00.00.00.000,2022-01-16 00.00.00.000,83
BA.2,Gilead,2022-01-10 00.00.00.000,2022-01-16 00.00.00.000,218
BA.2,Hogwarts,2022-01-10 00.00.00.000,2022-01-16 00.00.00.000,6112
BA.2,Middle-Earth,2022-01-10 00.00.00.000,2022-01-16 00.00.00.000,245
BA.2,Narnia,2022-01-10 00.00.00.000,2022-01-16 00.00.00.000,98
BA.2,Pandora,2022-01-10 00.00.00.000,2022-01-16 00.00.00.000,546
BA.2,Wakanda,2022-01-10 00.00.00.000,2022-01-16 00.00.00.000,26
Delta,Asgard,2022-01-10 00.00.00.000,2022-01-16 00.00.00.000,8
Delta,Gilead,2022-01-10 00.00.00.000,2022-01-16 00.00.00.000,3
Delta,Hogwarts,2022-01-10 00.00.00.000,2022-01-16 00.00.00.000,143
Delta,Middle-Earth,2022-01-10 00.00.00.000,2022-01-16 00.00.00.000,6
Delta,Narnia,2022-01-10 00.00.00.000,2022-01-16 00.00.00.000,10
Delta,Pandora,2022-01-10 00.00.00.000,2022-01-16 00.00.00.000,11
Delta,Wakanda,2022-01-10 00.00.00.000,2022-01-16 00.00.00.000,4
Omicron,Hogwarts,2022-01-10 00.00.00.000,2022-01-16 00.00.00.000,65
Omicron,Pandora,2022-01-10 00.00.00.000,2022-01-16 00.00.00.000,2
NULL,Agrabah,2022-01-17 00.00.00.000,2022-01-23 00.00.00.000,6
NULL,Asgard,2022-01-17 00.00.00.000,2022-01-23 00.00.00.000,166
NULL,Gilead,2022-01-17 00.00.00.000,2022-01-23 00.00.00.000,47
NULL,Hogwarts,2022-01-17 00.00.00.000,2022-01-23 00.00.00.000,1105
NULL,Middle-Earth,2022-01-17 00.00.00.000,2022-01-23 00.00.00.000,198
NULL,Narnia,2022-01-17 00.00.00.000,2022-01-23 00.00.00.000,63
NULL,Pandora,2022-01-17 00.00.00.000,2022-01-23 00.00.00.000,266
NULL,Wakanda,2022-01-17 00.00.00.000,2022-01-23 00.00.00.000,22
BA.1,Agrabah,2022-01-17 00.00.00.000,2022-01-23 00.00.00.000,14
BA.1,Asgard,2022-01-17 00.00.00.000,2022-01-23 00.00.00.000,59
BA.1,Gilead,2022-01-17 00.00.00.000,2022-01-23 00.00.00.000,108
BA.1,Hogwarts,2022-01-17 00.00.00.000,2022-01-23 00.00.00.000,5026
BA.1,Middle-Earth,2022-01-17 00.00.00.000,2022-01-23 00.00.00.000,158
BA.1,Narnia,2022-01-17 00.00.00.000,2022-01-23 00.00.00.000,133
BA.1,Pandora,2022-01-17 00.00.00.000,2022-01-23 00.00.00.000,393
BA.1,Wakanda,2022-01-17 00.00.00.000,2022-01-23 00.00.00.000,24
BA.2,Agrabah,2022-01-17 00.00.00.000,2022-01-23 00.00.00.000,19
BA.2,Asgard,2022-01-17 00.00.00.000,2022-01-23 00.00.00.000,130
BA.2,Gilead,2022-01-17 00.00.00.000,2022-01-23 00.00.00.000,192
BA.2,Hogwarts,2022-01-17 00.00.00.000,2022-01-23 00.00.00.000,10416
BA.2,Middle-Earth,2022-01-17 00.00.00.000,2022-01-23 00.00.00.000,394
BA.2,Narnia,2022-01-17 00.00.00.000,2022-01-23 00.00.00.000,199
BA.2,Pandora,2022-01-17 00.00.00.000,2022-01-23 00.00.00.000,1083
BA.2,Wakanda,2022-01-17 00.00.00.000,2022-01-23 00.00.00.000,62
Delta,Agrabah,2022-01-17 00.00.00.000,2022-01-23 00.00.00.000,1
Delta,Asgard,2022-01-17 00.00.00.000,2022-01-23 00.00.00.000,5
Delta,Gilead,2022-01-17 00.00.00.000,2022-01-23 00.00.00.000,2
Delta,Hogwarts,2022-01-17 00.00.00.000,2022-01-23 00.00.00.000,48
Delta,Middle-Earth,2022-01-17 00.00.00.000,2022-01-23 00.00.00.000,4
Delta,Narnia,2022-01-17 00.00.00.000,2022-01-23 00.00.00.000,7
Delta,Pandora,2022-01-17 00.00.00.000,2022-01-23 00.00.00.000,9
Delta,Wakanda,2022-01-17 00.00.00.000,2022-01-23 00.00.00.000,1
Omicron,Hogwarts,2022-01-17 00.00.00.000,2022-01-23 00.00.00.000,109
Omicron,Narnia,2022-01-17 00.00.00.000,2022-01-23 00.00.00.000,1
Omicron,Pandora,2022-01-17 00.00.00.000,2022-01-23 00.00.00.000,5
NULL,Agrabah,2022-01-24 00.00.00.000,2022-01-30 00.00.00.000,4
NULL,Asgard,2022-01-24 00.00.00.000,2022-01-30 00.00.00.000,167
NULL,Gilead,2022-01-24 00.00.00.000,2022-01-30 00.00.00.000,90
NULL,Hogwarts,2022-01-24 00.00.00.000,2022-01-30 00.00.00.000,1622
NULL,Middle-Earth,2022-01-24 00.00.00.000,2022-01-30 00.00.00.000,144
NULL,Narnia,2022-01-24 00.00.00.000,2022-01-30 00.00.00.000,62
NULL,Pandora,2022-01-24 00.00.00.000,2022-01-30 00.00.00.000,222
NULL,Wakanda,2022-01-24 00.00.00.000,2022-01-30 00.00.00.000,8
BA.1,Agrabah,2022-01-24 00.00.00.000,2022-01-30 00.00.00.000,5
BA.1,Asgard,2022-01-24 00.00.00.000,2022-01-30 00.00.00.000,38
BA.1,Gilead,2022-01-24 00.00.00.000,2022-01-30 00.00.00.000,64
BA.1,Hogwarts,2022-01-24 00.00.00.000,2022-01-30 00.00.00.000,2744
BA.1,Middle-Earth,2022-01-24 00.00.00.000,2022-01-30 00.00.00.000,122
BA.1,Narnia,2022-01-24 00.00.00.000,2022-01-30 00.00.00.000,112
BA.1,Pandora,2022-01-24 00.00.00.000,2022-01-30 00.00.00.000,235
BA.1,Wakanda,2022-01-24 00.00.00.000,2022-01-30 00.00.00.000,5
BA.2,Agrabah,2022-01-24 00.00.00.000,2022-01-30 00.00.00.000,30
BA.2,Asgard,2022-01-24 00.00.00.000,2022-01-30 00.00.00.000,224
BA.2,Gilead,2022-01-24 00.00.00.000,2022-01-30 00.00.00.000,201
BA.2,Hogwarts,2022-01-24 00.00.00.000,2022-01-30 00.00.00.000,10572
BA.2,Middle-Earth,2022-01-24 00.00.00.000,2022-01-30 00.00.00.000,542
BA.2,Narnia,2022-01-24 00.00.00.000,2022-01-30 00.00.00.000,311
BA.2,Neverland,2022-01-24 00.00.00.000,2022-01-30 00.00.00.000,4
BA.2,Pandora,2022-01-24 00.00.00.000,2022-01-30 00.00.00.000,1083
BA.2,Wakanda,2022-01-24 00.00.00.000,2022-01-30 00.00.00.000,28
Delta,Asgard,2022-01-24 00.00.00.000,2022-01-30 00.00.00.000,2
Delta,Gilead,2022-01-24 00.00.00.000,2022-01-30 00.00.00.000,1
Delta,Hogwarts,2022-01-24 00.00.00.000,2022-01-30 00.00.00.000,22
Delta,Middle-Earth,2022-01-24 00.00.00.000,2022-01-30 00.00.00.000,1
Delta,Narnia,2022-01-24 00.00.00.000,2022-01-30 00.00.00.000,4
Delta,Pandora,2022-01-24 00.00.00.000,2022-01-30 00.00.00.000,2
Delta,Wakanda,2022-01-24 00.00.00.000,2022-01-30 00.00.00.000,1
Omicron,Hogwarts,2022-01-24 00.00.00.000,2022-01-30 00.00.00.000,66
Omicron,Pandora,2022-01-24 00.00.00.000,2022-01-30 00.00.00.000,5
NULL,Agrabah,2022-01-31 00.00.00.000,2022-02-06 00.00.00.000,2
NULL,Asgard,2022-01-31 00.00.00.000,2022-02-06 00.00.00.000,23
NULL,Gilead,2022-01-31 00.00.00.000,2022-02-06 00.00.00.000,219
NULL,Hogwarts,2022-01-31 00.00.00.000,2022-02-06 00.00.00.000,1796
NULL,Middle-Earth,2022-01-31 00.00.00.000,2022-02-06 00.00.00.000,211
NULL,Narnia,2022-01-31 00.00.00.000,2022-02-06 00.00.00.000,69
NULL,Pandora,2022-01-31 00.00.00.000,2022-02-06 00.00.00.000,211
NULL,Wakanda,2022-01-31 00.00.00.000,2022-02-06 00.00.00.000,3
NULL,Westeros,2022-01-31 00.00.00.000,2022-02-06 00.00.00.000,1
Alpha,Agrabah,2022-01-31 00.00.00.000,2022-02-06 00.00.00.000,1
BA.1,Agrabah,2022-01-31 00.00.00.000,2022-02-06 00.00.00.000,6
BA.1,Asgard,2022-01-31 00.00.00.000,2022-02-06 00.00.00.000,9
BA.1,Gilead,2022-01-31 00.00.00.000,2022-02-06 00.00.00.000,27
BA.1,Hogwarts,2022-01-31 00.00.00.000,2022-02-06 00.00.00.000,1703
BA.1,Middle-Earth,2022-01-31 00.00.00.000,2022-02-06 00.00.00.000,50
BA.1,Narnia,2022-01-31 00.00.00.000,2022-02-06 00.00.00.000,44
BA.1,Neverland,2022-01-31 00.00.00.000,2022-02-06 00.00.00.000,3
BA.1,Pandora,2022-01-31 00.00.00.000,2022-02-06 00.00.00.000,151
BA.1,Wakanda,2022-01-31 00.00.00.000,2022-02-06 00.00.00.000,16
BA.2,Agrabah,2022-01-31 00.00.00.000,2022-02-06 00.00.00.000,22
BA.2,Asgard,2022-01-31 00.00.00.000,2022-02-06 00.00.00.000,101
BA.2,Gilead,2022-01-31 00.00.00.000,2022-02-06 00.00.00.000,200
BA.2,Hogwarts,2022-01-31 00.00.00.000,2022-02-06 00.00.00.000,11852
BA.2,Middle-Earth,2022-01-31 00.00.00.000,2022-02-06 00.00.00.000,463
BA.2,Narnia,2022-01-31 00.00.00.000,2022-02-06 00.00.00.000,259
BA.2,Neverland,2022-01-31 00.00.00.000,2022-02-06 00.00.00.000,17
BA.2,Pandora,2022-01-31 00.00.00.000,2022-02-06 00.00.00.000,920
BA.2,Wakanda,2022-01-31 00.00.00.000,2022-02-06 00.00.00.000,90
BA.2,Westeros,2022-01-31 00.00.00.000,2022-02-06 00.00.00.000,2
Delta,Asgard,2022-01-31 00.00.00.000,2022-02-06 00.00.00.000,1
Delta,Hogwarts,2022-01-31 00.00.00.000,2022-02-06 00.00.00.000,10
Delta,Middle-Earth,2022-01-31 00.00.00.000,2022-02-06 00.00.00.000,1
Delta,Narnia,2022-01-31 00.00.00.000,2022-02-06 00.00.00.000,1
Delta,Pandora,2022-01-31 00.00.00.000,2022-02-06 00.00.00.000,1
Delta,Wakanda,2022-01-31 00.00.00.000,2022-02-06 00.00.00.000,1
Omicron,Hogwarts,2022-01-31 00.00.00.000,2022-02-06 00.00.00.000,99
Omicron,Pandora,2022-01-31 00.00.00.000,2022-02-06 00.00.00.000,9
NULL,Agrabah,2022-02-07 00.00.00.000,2022-02-13 00.00.00.000,2
NULL,Asgard,2022-02-07 00.00.00.000,2022-02-13 00.00.00.000,36
NULL,Gilead,2022-02-07 00.00.00.000,2022-02-13 00.00.00.000,95
NULL,Hogwarts,2022-02-07 00.00.00.000,2022-02-13 00.00.00.000,1336
NULL,Middle-Earth,2022-02-07 00.00.00.000,2022-02-13 00.00.00.000,174
NULL,Narnia,2022-02-07 00.00.00.000,2022-02-13 00.00.00.000,93
NULL,Pandora,2022-02-07 00.00.00.000,2022-02-13 00.00.00.000,179
NULL,Wakanda,2022-02-07 00.00.00.000,2022-02-13 00.00.00.000,7
BA.1,Asgard,2022-02-07 00.00.00.000,2022-02-13 00.00.00.000,21
BA.1,Gilead,2022-02-07 00.00.00.000,2022-02-13 00.00.00.000,19
BA.1,Hogwarts,2022-02-07 00.00.00.000,2022-02-13 00.00.00.000,1026
BA.1,Middle-Earth,2022-02-07 00.00.00.000,2022-02-13 00.00.00.000,36
BA.1,Narnia,2022-02-07 00.00.00.000,2022-02-13 00.00.00.000,35
BA.1,Neverland,2022-02-07 00.00.00.000,2022-02-13 00.00.00.000,3
BA.1,Pandora,2022-02-07 00.00.00.000,2022-02-13 00.00.00.000,92
BA.1,Wakanda,2022-02-07 00.00.00.000,2022-02-13 00.00.00.000,4
BA.2,Agrabah,2022-02-07 00.00.00.000,2022-02-13 00.00.00.000,28
BA.2,Asgard,2022-02-07 00.00.00.000,2022-02-13 00.00.00.000,194
BA.2,Gilead,2022-02-07 00.00.00.000,2022-02-13 00.00.00.000,284
BA.2,Hogwarts,2022-02-07 00.00.00.000,2022-02-13 00.00.00.000,12310
BA.2,Middle-Earth,2022-02-07 00.00.00.000,2022-02-13 00.00.00.000,608
BA.2,Narnia,2022-02-07 00.00.00.000,2022-02-13 00.00.00.000,325
BA.2,Neverland,2022-02-07 00.00.00.000,2022-02-13 00.00.00.000,22
BA.2,Pandora,2022-02-07 00.00.00.000,2022-02-13 00.00.00.000,831
BA.2,Wakanda,2022-02-07 00.00.00.000,2022-02-13 00.00.00.000,57
Delta,Asgard,2022-02-07 00.00.00.000,2022-02-13 00.00.00.000,1
Delta,Hogwarts,2022-02-07 00.00.00.000,2022-02-13 00.00.00.000,2
Delta,Narnia,2022-02-07 00.00.00.000,2022-02-13 00.00.00.000,1
Delta,Pandora,2022-02-07 00.00.00.000,2022-02-13 00.00.00.000,1
Omicron,Hogwarts,2022-02-07 00.00.00.000,2022-02-13 00.00.00.000,64
Omicron,Pandora,2022-02-07 00.00.00.000,2022-02-13 00.00.00.000,6
NULL,Asgard,2022-02-14 00.00.00.000,2022-02-20 00.00.00.000,49
NULL,Gilead,2022-02-14 00.00.00.000,2022-02-20 00.00.00.000,40
NULL,Hogwarts,2022-02-14 00.00.00.000,2022-02-20 00.00.00.000,913
NULL,Middle-Earth,2022-02-14 00.00.00.000,2022-02-20 00.00.00.000,229
NULL,Narnia,2022-02-14 00.00.00.000,2022-02-20 00.00.00.000,99
NULL,Neverland,2022-02-14 00.00.00.000,2022-02-20 00.00.00.000,1
NULL,Pandora,2022-02-14 00.00.00.000,2022-02-20 00.00.00.000,134
NULL,Wakanda,2022-02-14 00.00.00.000,2022-02-20 00.00.00.000,8
NULL,Westeros,2022-02-14 00.00.00.000,2022-02-20 00.00.00.000,1
BA.1,Asgard,2022-02-14 00.00.00.000,2022-02-20 00.00.00.000,15
BA.1,Gilead,2022-02-14 00.00.00.000,2022-02-20 00.00.00.000,18
BA.1,Hogwarts,2022-02-14 00.00.00.000,2022-02-20 00.00.00.000,677
BA.1,Middle-Earth,2022-02-14 00.00.00.000,2022-02-20 00.00.00.000,27
BA.1,Narnia,2022-02-14 00.00.00.000,2022-02-20 00.00.00.000,25
BA.1,Pandora,2022-02-14 00.00.00.000,2022-02-20 00.00.00.000,47
BA.1,Wakanda,2022-02-14 00.00.00.000,2022-02-20 00.00.00.000,2
BA.2,Asgard,2022-02-14 00.00.00.000,2022-02-20 00.00.00.000,213
BA.2,Gilead,2022-02-14 00.00.00.000,2022-02-20 00.00.00.000,273
BA.2,Hogwarts,2022-02-14 00.00.00.000,2022-02-20 00.00.00.000,15279
BA.2,Middle-Earth,2022-02-14 00.00.00.000,2022-02-20 00.00.00.000,649
BA.2,Narnia,2022-02-14 00.00.00.000,2022-02-20 00.00.00.000,351
BA.2,Neverland,2022-02-14 00.00.00.000,2022-02-20 00.00.00.000,17
BA.2,Pandora,2022-02-14 00.00.00.000,2022-02-20 00.00.00.000,706
BA.2,Wakanda,2022-02-14 00.00.00.000,2022-02-20 00.00.00.000,36
BA.2,Westeros,2022-02-14 00.00.00.000,2022-02-20 00.00.00.000,9
Delta,Hogwarts,2022-02-14 00.00.00.000,2022-02-20 00.00.00.000,3
Omicron,Gilead,2022-02-14 00.00.00.000,2022-02-20 00.00.00.000,1
Omicron,Hogwarts,2022-02-14 00.00.00.000,2022-02-20 00.00.00.000,40
Omicron,Pandora,2022-02-14 00.00.00.000,2022-02-20 00.00.00.000,9
NULL,Agrabah,2022-02-21 00.00.00.000,2022-02-27 00.00.00.000,8
NULL,Asgard,2022-02-21 00.00.00.000,2022-02-27 00.00.00.000,57
NULL,Gilead,2022-02-21 00.00.00.000,2022-02-27 00.00.00.000,72
NULL,Hogwarts,2022-02-21 00.00.00.000,2022-02-27 00.00.00.000,1018
NULL,Middle-Earth,2022-02-21 00.00.00.000,2022-02-27 00.00.00.000,142
NULL,Narnia,2022-02-21 00.00.00.000,2022-02-27 00.00.00.000,67
NULL,Pandora,2022-02-21 00.00.00.000,2022-02-27 00.00.00.000,108
NULL,Wakanda,2022-02-21 00.00.00.000,2022-02-27 00.00.00.000,9
BA.1,Agrabah,2022-02-21 00.00.00.000,2022-02-27 00.00.00.000,3
BA.1,Asgard,2022-02-21 00.00.00.000,2022-02-27 00.00.00.000,9
BA.1,Gilead,2022-02-21 00.00.00.000,2022-02-27 00.00.00.000,6
BA.1,Hogwarts,2022-02-21 00.00.00.000,2022-02-27 00.00.00.000,395
BA.1,Middle-Earth,2022-02-21 00.00.00.000,2022-02-27 00.00.00.000,14
BA.1,Narnia,2022-02-21 00.00.00.000,2022-02-27 00.00.00.000,15
BA.1,Neverland,2022-02-21 00.00.00.000,2022-02-27 00.00.00.000,1
BA.1,Pandora,2022-02-21 00.00.00.000,2022-02-27 00.00.00.000,20
BA.1,Wakanda,2022-02-21 00.00.00.000,2022-02-27 00.00.00.000,1
BA.2,Agrabah,2022-02-21 00.00.00.000,2022-02-27 00.00.00.000,20
BA.2,Asgard,2022-02-21 00.00.00.000,2022-02-27 00.00.00.000,266
BA.2,Gilead,2022-02-21 00.00.00.000,2022-02-27 00.00.00.000,206
BA.2,Hogwarts,2022-02-21 00.00.00.000,2022-02-27 00.00.00.000,13444
BA.2,Middle-Earth,2022-02-21 00.00.00.000,2022-02-27 00.00.00.000,536
BA.2,Narnia,2022-02-21 00.00.00.000,2022-02-27 00.00.00.000,290
BA.2,Neverland,2022-02-21 00.00.00.000,2022-02-27 00.00.00.000,24
BA.2,Pandora,2022-02-21 00.00.00.000,2022-02-27 00.00.00.000,469
BA.2,Wakanda,2022-02-21 00.00.00.000,2022-02-27 00.00.00.000,80
BA.2,Westeros,2022-02-21 00.00.00.000,2022-02-27 00.00.00.000,1
Delta,Agrabah,2022-02-21 00.00.00.000,2022-02-27 00.00.00.000,1
Delta,Narnia,2022-02-21 00.00.00.000,2022-02-27 00.00.00.000,2
Omicron,Hogwarts,2022-02-21 00.00.00.000,2022-02-27 00.00.00.000,14
NULL,Agrabah,2022-02-28 00.00.00.000,2022-03-06 00.00.00.000,2
NULL,Asgard,2022-02-28 00.00.00.000,2022-03-06 00.00.00.000,32
NULL,Gilead,2022-02-28 00.00.00.000,2022-03-06 00.00.00.000,68
NULL,Hogwarts,2022-02-28 00.00.00.000,2022-03-06 00.00.00.000,334
NULL,Middle-Earth,2022-02-28 00.00.00.000,2022-03-06 00.00.00.000,38
NULL,Narnia,2022-02-28 00.00.00.000,2022-03-06 00.00.00.000,44
NULL,Pandora,2022-02-28 00.00.00.000,2022-03-06 00.00.00.000,39
BA.1,Agrabah,2022-02-28 00.00.00.000,2022-03-06 00.00.00.000,2
BA.1,Asgard,2022-02-28 00.00.00.000,2022-03-06 00.00.00.000,3
BA.1,Gilead,2022-02-28 00.00.00.000,2022-03-06 00.00.00.000,1
BA.1,Hogwarts,2022-02-28 00.00.00.000,2022-03-06 00.00.00.000,123
BA.1,Middle-Earth,2022-02-28 00.00.00.000,2022-03-06 00.00.00.000,3
BA.1,Narnia,2022-02-28 00.00.00.000,2022-03-06 00.00.00.000,5
BA.1,Pandora,2022-02-28 00.00.00.000,2022-03-06 00.00.00.000,4
BA.2,Agrabah,2022-02-28 00.00.00.000,2022-03-06 00.00.00.000,38
BA.2,Asgard,2022-02-28 00.00.00.000,2022-03-06 00.00.00.000,127
BA.2,Gilead,2022-02-28 00.00.00.000,2022-03-06 00.00.00.000,71
BA.2,Hogwarts,2022-02-28 00.00.00.000,2022-03-06 00.00.00.000,5483
BA.2,Middle-Earth,2022-02-28 00.00.00.000,2022-03-06 00.00.00.000,225
BA.2,Narnia,2022-02-28 00.00.00.000,2022-03-06 00.00.00.000,113
BA.2,Pandora,2022-02-28 00.00.00.000,2022-03-06 00.00.00.000,170
BA.2,Wakanda,2022-02-28 00.00.00.000,2022-03-06 00.00.00.000,19
Delta,Narnia,2022-02-28 00.00.00.000,2022-03-06 00.00.00.000,1
Omicron,Hogwarts,2022-02-28 00.00.00.000,2022-03-06 00.00.00.000,5
